LineId,Label,Timestamp,Date,Node,Time,NodeRepeat,Type,Component,Level,Content,EventId,EventTemplate
13406,-,1117845735,2005.06.03,R22-M1-ND-C:J11-U11,2005-06-03-17.42.15.600190,R22-M1-ND-C:J11-U11,RAS,KERNEL,INFO,generating core.217,E3,generating <*>
13405,-,1117845735,2005.06.03,R22-M1-ND-C:J15-U11,2005-06-03-17.42.15.452021,R22-M1-ND-C:J15-U11,RAS,KERNEL,INFO,generating core.216,E3,generating <*>
13402,-,1117845735,2005.06.03,R22-M1-NB-C:J02-U01,2005-06-03-17.42.15.026139,R22-M1-NB-C:J02-U01,RAS,KERNEL,INFO,generating core.323,E3,generating <*>
13404,-,1117845735,2005.06.03,R22-M1-ND-C:J09-U11,2005-06-03-17.42.15.063091,R22-M1-ND-C:J09-U11,RAS,KERNEL,INFO,generating core.154,E3,generating <*>
13407,-,1117845735,2005.06.03,R22-M1-ND-C:J13-U11,2005-06-03-17.42.15.625536,R22-M1-ND-C:J13-U11,RAS,KERNEL,INFO,generating core.153,E3,generating <*>
13408,-,1117845735,2005.06.03,R22-M1-ND-C:J17-U11,2005-06-03-17.42.15.648645,R22-M1-ND-C:J17-U11,RAS,KERNEL,INFO,generating core.152,E3,generating <*>
13414,-,1117845735,2005.06.03,R22-M1-ND-C:J15-U01,2005-06-03-17.42.15.976597,R22-M1-ND-C:J15-U01,RAS,KERNEL,INFO,generating core.208,E3,generating <*>
13413,-,1117845735,2005.06.03,R22-M1-ND-C:J07-U11,2005-06-03-17.42.15.955865,R22-M1-ND-C:J07-U11,RAS,KERNEL,INFO,generating core.218,E3,generating <*>
13412,-,1117845735,2005.06.03,R22-M1-ND-C:J03-U11,2005-06-03-17.42.15.833795,R22-M1-ND-C:J03-U11,RAS,KERNEL,INFO,generating core.219,E3,generating <*>
13411,-,1117845735,2005.06.03,R22-M1-ND-C:J05-U11,2005-06-03-17.42.15.812383,R22-M1-ND-C:J05-U11,RAS,KERNEL,INFO,generating core.155,E3,generating <*>
13410,-,1117845735,2005.06.03,R22-M1-ND-C:J03-U01,2005-06-03-17.42.15.776729,R22-M1-ND-C:J03-U01,RAS,KERNEL,INFO,generating core.211,E3,generating <*>
13409,-,1117845735,2005.06.03,R22-M1-ND-C:J05-U01,2005-06-03-17.42.15.671587,R22-M1-ND-C:J05-U01,RAS,KERNEL,INFO,generating core.147,E3,generating <*>
13415,-,1117845735,2005.06.03,R22-M1-ND-C:J17-U01,2005-06-03-17.42.15.995617,R22-M1-ND-C:J17-U01,RAS,KERNEL,INFO,generating core.144,E3,generating <*>
13403,-,1117845735,2005.06.03,R22-M1-NB-C:J02-U11,2005-06-03-17.42.15.044306,R22-M1-NB-C:J02-U11,RAS,KERNEL,INFO,generating core.331,E3,generating <*>
13401,-,1117845735,2005.06.03,R22-M1-NB-C:J04-U11,2005-06-03-17.42.15.007054,R22-M1-NB-C:J04-U11,RAS,KERNEL,INFO,generating core.267,E3,generating <*>
13432,-,1117845736,2005.06.03,R22-M1-ND-C:J06-U01,2005-06-03-17.42.16.338787,R22-M1-ND-C:J06-U01,RAS,KERNEL,INFO,generating core.194,E3,generating <*>
13422,-,1117845736,2005.06.03,R22-M1-ND-C:J14-U11,2005-06-03-17.42.16.130881,R22-M1-ND-C:J14-U11,RAS,KERNEL,INFO,generating core.200,E3,generating <*>
13416,-,1117845736,2005.06.03,R22-M1-ND-C:J11-U01,2005-06-03-17.42.16.014395,R22-M1-ND-C:J11-U01,RAS,KERNEL,INFO,generating core.209,E3,generating <*>
13423,-,1117845736,2005.06.03,R22-M1-ND-C:J10-U11,2005-06-03-17.42.16.148958,R22-M1-ND-C:J10-U11,RAS,KERNEL,INFO,generating core.201,E3,generating <*>
13420,-,1117845736,2005.06.03,R22-M1-ND-C:J16-U11,2005-06-03-17.42.16.088809,R22-M1-ND-C:J16-U11,RAS,KERNEL,INFO,generating core.136,E3,generating <*>
13425,-,1117845736,2005.06.03,R22-M1-ND-C:J12-U11,2005-06-03-17.42.16.185165,R22-M1-ND-C:J12-U11,RAS,KERNEL,INFO,generating core.137,E3,generating <*>
13426,-,1117845736,2005.06.03,R22-M1-ND-C:J14-U01,2005-06-03-17.42.16.209377,R22-M1-ND-C:J14-U01,RAS,KERNEL,INFO,generating core.192,E3,generating <*>
13430,-,1117845736,2005.06.03,R22-M1-ND-C:J08-U01,2005-06-03-17.42.16.282893,R22-M1-ND-C:J08-U01,RAS,KERNEL,INFO,generating core.130,E3,generating <*>
13429,-,1117845736,2005.06.03,R22-M1-ND-C:J12-U01,2005-06-03-17.42.16.263854,R22-M1-ND-C:J12-U01,RAS,KERNEL,INFO,generating core.129,E3,generating <*>
13428,-,1117845736,2005.06.03,R22-M1-ND-C:J10-U01,2005-06-03-17.42.16.245491,R22-M1-ND-C:J10-U01,RAS,KERNEL,INFO,generating core.193,E3,generating <*>
13427,-,1117845736,2005.06.03,R22-M1-ND-C:J16-U01,2005-06-03-17.42.16.227385,R22-M1-ND-C:J16-U01,RAS,KERNEL,INFO,generating core.128,E3,generating <*>
13433,-,1117845736,2005.06.03,R22-M1-ND-C:J04-U11,2005-06-03-17.42.16.464063,R22-M1-ND-C:J04-U11,RAS,KERNEL,INFO,generating core.139,E3,generating <*>
13434,-,1117845736,2005.06.03,R22-M1-ND-C:J02-U01,2005-06-03-17.42.16.698683,R22-M1-ND-C:J02-U01,RAS,KERNEL,INFO,generating core.195,E3,generating <*>
13431,-,1117845736,2005.06.03,R22-M1-ND-C:J04-U01,2005-06-03-17.42.16.320405,R22-M1-ND-C:J04-U01,RAS,KERNEL,INFO,generating core.131,E3,generating <*>
13419,-,1117845736,2005.06.03,R22-M1-ND-C:J09-U01,2005-06-03-17.42.16.070081,R22-M1-ND-C:J09-U01,RAS,KERNEL,INFO,generating core.146,E3,generating <*>
13418,-,1117845736,2005.06.03,R22-M1-ND-C:J13-U01,2005-06-03-17.42.16.051422,R22-M1-ND-C:J13-U01,RAS,KERNEL,INFO,generating core.145,E3,generating <*>
13424,-,1117845736,2005.06.03,R22-M1-ND-C:J06-U11,2005-06-03-17.42.16.167144,R22-M1-ND-C:J06-U11,RAS,KERNEL,INFO,generating core.202,E3,generating <*>
13417,-,1117845736,2005.06.03,R22-M1-ND-C:J07-U01,2005-06-03-17.42.16.032792,R22-M1-ND-C:J07-U01,RAS,KERNEL,INFO,generating core.210,E3,generating <*>
13421,-,1117845736,2005.06.03,R22-M1-ND-C:J08-U11,2005-06-03-17.42.16.107924,R22-M1-ND-C:J08-U11,RAS,KERNEL,INFO,generating core.138,E3,generating <*>
13438,-,1117845737,2005.06.03,R23-M1-N7-C:J11-U11,2005-06-03-17.42.17.387489,R23-M1-N7-C:J11-U11,RAS,KERNEL,INFO,generating core.633,E3,generating <*>
13436,-,1117845737,2005.06.03,R23-M1-N7-C:J09-U11,2005-06-03-17.42.17.100783,R23-M1-N7-C:J09-U11,RAS,KERNEL,INFO,generating core.570,E3,generating <*>
13439,-,1117845737,2005.06.03,R23-M1-N7-C:J13-U11,2005-06-03-17.42.17.515627,R23-M1-N7-C:J13-U11,RAS,KERNEL,INFO,generating core.569,E3,generating <*>
13437,-,1117845737,2005.06.03,R23-M1-N7-C:J15-U11,2005-06-03-17.42.17.125249,R23-M1-N7-C:J15-U11,RAS,KERNEL,INFO,generating core.632,E3,generating <*>
13435,-,1117845737,2005.06.03,R22-M1-ND-C:J02-U11,2005-06-03-17.42.17.017577,R22-M1-ND-C:J02-U11,RAS,KERNEL,INFO,generating core.203,E3,generating <*>
13440,-,1117845737,2005.06.03,R23-M1-N7-C:J17-U11,2005-06-03-17.42.17.942147,R23-M1-N7-C:J17-U11,RAS,KERNEL,INFO,generating core.568,E3,generating <*>
13441,-,1117845738,2005.06.03,R23-M1-N7-C:J05-U01,2005-06-03-17.42.18.120997,R23-M1-N7-C:J05-U01,RAS,KERNEL,INFO,generating core.563,E3,generating <*>
13443,-,1117845738,2005.06.03,R23-M1-N7-C:J05-U11,2005-06-03-17.42.18.832309,R23-M1-N7-C:J05-U11,RAS,KERNEL,INFO,generating core.571,E3,generating <*>
13442,-,1117845738,2005.06.03,R23-M1-N7-C:J03-U01,2005-06-03-17.42.18.531046,R23-M1-N7-C:J03-U01,RAS,KERNEL,INFO,generating core.627,E3,generating <*>
13444,-,1117845739,2005.06.03,R23-M1-N7-C:J03-U11,2005-06-03-17.42.19.196823,R23-M1-N7-C:J03-U11,RAS,KERNEL,INFO,generating core.635,E3,generating <*>
13446,-,1117845739,2005.06.03,R23-M1-N7-C:J15-U01,2005-06-03-17.42.19.639272,R23-M1-N7-C:J15-U01,RAS,KERNEL,INFO,generating core.624,E3,generating <*>
13447,-,1117845739,2005.06.03,R23-M1-N7-C:J17-U01,2005-06-03-17.42.19.924530,R23-M1-N7-C:J17-U01,RAS,KERNEL,INFO,generating core.560,E3,generating <*>
13445,-,1117845739,2005.06.03,R23-M1-N7-C:J07-U11,2005-06-03-17.42.19.519586,R23-M1-N7-C:J07-U11,RAS,KERNEL,INFO,generating core.634,E3,generating <*>
13448,-,1117845740,2005.06.03,R23-M1-N7-C:J11-U01,2005-06-03-17.42.20.149628,R23-M1-N7-C:J11-U01,RAS,KERNEL,INFO,generating core.625,E3,generating <*>
13449,-,1117845740,2005.06.03,R23-M1-N7-C:J07-U01,2005-06-03-17.42.20.571413,R23-M1-N7-C:J07-U01,RAS,KERNEL,INFO,generating core.626,E3,generating <*>
13450,-,1117845740,2005.06.03,R23-M1-N7-C:J13-U01,2005-06-03-17.42.20.714810,R23-M1-N7-C:J13-U01,RAS,KERNEL,INFO,generating core.561,E3,generating <*>
13454,-,1117845741,2005.06.03,R23-M1-N7-C:J14-U11,2005-06-03-17.42.21.875565,R23-M1-N7-C:J14-U11,RAS,KERNEL,INFO,generating core.616,E3,generating <*>
13453,-,1117845741,2005.06.03,R23-M1-N7-C:J08-U11,2005-06-03-17.42.21.824102,R23-M1-N7-C:J08-U11,RAS,KERNEL,INFO,generating core.554,E3,generating <*>
13452,-,1117845741,2005.06.03,R23-M1-N7-C:J16-U11,2005-06-03-17.42.21.415587,R23-M1-N7-C:J16-U11,RAS,KERNEL,INFO,generating core.552,E3,generating <*>
13451,-,1117845741,2005.06.03,R23-M1-N7-C:J09-U01,2005-06-03-17.42.21.150569,R23-M1-N7-C:J09-U01,RAS,KERNEL,INFO,generating core.562,E3,generating <*>
13457,-,1117845742,2005.06.03,R23-M1-N7-C:J12-U11,2005-06-03-17.42.22.686697,R23-M1-N7-C:J12-U11,RAS,KERNEL,INFO,generating core.553,E3,generating <*>
13455,-,1117845742,2005.06.03,R23-M1-N7-C:J10-U11,2005-06-03-17.42.22.264996,R23-M1-N7-C:J10-U11,RAS,KERNEL,INFO,generating core.617,E3,generating <*>
13456,-,1117845742,2005.06.03,R23-M1-N7-C:J06-U11,2005-06-03-17.42.22.664093,R23-M1-N7-C:J06-U11,RAS,KERNEL,INFO,generating core.618,E3,generating <*>
13462,-,1117845743,2005.06.03,R23-M1-N7-C:J08-U01,2005-06-03-17.42.23.800544,R23-M1-N7-C:J08-U01,RAS,KERNEL,INFO,generating core.546,E3,generating <*>
13463,-,1117845743,2005.06.03,R23-M1-N7-C:J04-U01,2005-06-03-17.42.23.826531,R23-M1-N7-C:J04-U01,RAS,KERNEL,INFO,generating core.547,E3,generating <*>
13460,-,1117845743,2005.06.03,R23-M1-N7-C:J10-U01,2005-06-03-17.42.23.380366,R23-M1-N7-C:J10-U01,RAS,KERNEL,INFO,generating core.609,E3,generating <*>
13458,-,1117845743,2005.06.03,R23-M1-N7-C:J14-U01,2005-06-03-17.42.23.202688,R23-M1-N7-C:J14-U01,RAS,KERNEL,INFO,generating core.608,E3,generating <*>
13461,-,1117845743,2005.06.03,R23-M1-N7-C:J12-U01,2005-06-03-17.42.23.775339,R23-M1-N7-C:J12-U01,RAS,KERNEL,INFO,generating core.545,E3,generating <*>
13459,-,1117845743,2005.06.03,R23-M1-N7-C:J16-U01,2005-06-03-17.42.23.354804,R23-M1-N7-C:J16-U01,RAS,KERNEL,INFO,generating core.544,E3,generating <*>
13464,-,1117845744,2005.06.03,R23-M1-N7-C:J06-U01,2005-06-03-17.42.24.442530,R23-M1-N7-C:J06-U01,RAS,KERNEL,INFO,generating core.610,E3,generating <*>
13465,-,1117845745,2005.06.03,R23-M1-N7-C:J04-U11,2005-06-03-17.42.25.080591,R23-M1-N7-C:J04-U11,RAS,KERNEL,INFO,generating core.555,E3,generating <*>
13466,-,1117845745,2005.06.03,R23-M1-N7-C:J02-U01,2005-06-03-17.42.25.351546,R23-M1-N7-C:J02-U01,RAS,KERNEL,INFO,generating core.611,E3,generating <*>
13467,-,1117845746,2005.06.03,R23-M1-N7-C:J02-U11,2005-06-03-17.42.26.003420,R23-M1-N7-C:J02-U11,RAS,KERNEL,INFO,generating core.619,E3,generating <*>
13468,-,1117845746,2005.06.03,R22-M1-N2-C:J09-U11,2005-06-03-17.42.26.499067,R22-M1-N2-C:J09-U11,RAS,KERNEL,INFO,generating core.318,E3,generating <*>
13469,-,1117845746,2005.06.03,R22-M1-N2-C:J15-U11,2005-06-03-17.42.26.563531,R22-M1-N2-C:J15-U11,RAS,KERNEL,INFO,generating core.380,E3,generating <*>
13470,-,1117845747,2005.06.03,R22-M1-N2-C:J11-U11,2005-06-03-17.42.27.067472,R22-M1-N2-C:J11-U11,RAS,KERNEL,INFO,generating core.381,E3,generating <*>
13471,-,1117845747,2005.06.03,R22-M1-N2-C:J13-U11,2005-06-03-17.42.27.434862,R22-M1-N2-C:J13-U11,RAS,KERNEL,INFO,generating core.317,E3,generating <*>
13472,-,1117845748,2005.06.03,R22-M1-N2-C:J17-U11,2005-06-03-17.42.28.100228,R22-M1-N2-C:J17-U11,RAS,KERNEL,INFO,generating core.316,E3,generating <*>
13473,-,1117845748,2005.06.03,R22-M1-N2-C:J05-U01,2005-06-03-17.42.28.591073,R22-M1-N2-C:J05-U01,RAS,KERNEL,INFO,generating core.311,E3,generating <*>
13474,-,1117845748,2005.06.03,R22-M1-N2-C:J03-U01,2005-06-03-17.42.28.922624,R22-M1-N2-C:J03-U01,RAS,KERNEL,INFO,generating core.375,E3,generating <*>
13475,-,1117845749,2005.06.03,R22-M1-N2-C:J05-U11,2005-06-03-17.42.29.770407,R22-M1-N2-C:J05-U11,RAS,KERNEL,INFO,generating core.319,E3,generating <*>
13476,-,1117845750,2005.06.03,R22-M1-N2-C:J03-U11,2005-06-03-17.42.30.113929,R22-M1-N2-C:J03-U11,RAS,KERNEL,INFO,generating core.383,E3,generating <*>
13477,-,1117845750,2005.06.03,R22-M1-N2-C:J07-U11,2005-06-03-17.42.30.247962,R22-M1-N2-C:J07-U11,RAS,KERNEL,INFO,generating core.382,E3,generating <*>
13478,-,1117845750,2005.06.03,R22-M1-N2-C:J15-U01,2005-06-03-17.42.30.911748,R22-M1-N2-C:J15-U01,RAS,KERNEL,INFO,generating core.372,E3,generating <*>
13480,-,1117845751,2005.06.03,R22-M1-N2-C:J11-U01,2005-06-03-17.42.31.257746,R22-M1-N2-C:J11-U01,RAS,KERNEL,INFO,generating core.373,E3,generating <*>
13481,-,1117845751,2005.06.03,R22-M1-N2-C:J07-U01,2005-06-03-17.42.31.870971,R22-M1-N2-C:J07-U01,RAS,KERNEL,INFO,generating core.374,E3,generating <*>
13479,-,1117845751,2005.06.03,R22-M1-N2-C:J17-U01,2005-06-03-17.42.31.233279,R22-M1-N2-C:J17-U01,RAS,KERNEL,INFO,generating core.308,E3,generating <*>
13482,-,1117845751,2005.06.03,R22-M1-N2-C:J13-U01,2005-06-03-17.42.31.896315,R22-M1-N2-C:J13-U01,RAS,KERNEL,INFO,generating core.309,E3,generating <*>
13483,-,1117845752,2005.06.03,R22-M1-N2-C:J09-U01,2005-06-03-17.42.32.753354,R22-M1-N2-C:J09-U01,RAS,KERNEL,INFO,generating core.310,E3,generating <*>
13485,-,1117845753,2005.06.03,R22-M1-N2-C:J08-U11,2005-06-03-17.42.33.120902,R22-M1-N2-C:J08-U11,RAS,KERNEL,INFO,generating core.302,E3,generating <*>
13484,-,1117845753,2005.06.03,R22-M1-N2-C:J16-U11,2005-06-03-17.42.33.025043,R22-M1-N2-C:J16-U11,RAS,KERNEL,INFO,generating core.300,E3,generating <*>
13486,-,1117845753,2005.06.03,R22-M1-N2-C:J14-U11,2005-06-03-17.42.33.879596,R22-M1-N2-C:J14-U11,RAS,KERNEL,INFO,generating core.364,E3,generating <*>
13487,-,1117845753,2005.06.03,R22-M1-N2-C:J10-U11,2005-06-03-17.42.33.987807,R22-M1-N2-C:J10-U11,RAS,KERNEL,INFO,generating core.365,E3,generating <*>
13489,-,1117845754,2005.06.03,R22-M1-N2-C:J12-U11,2005-06-03-17.42.34.798288,R22-M1-N2-C:J12-U11,RAS,KERNEL,INFO,generating core.301,E3,generating <*>
13488,-,1117845754,2005.06.03,R22-M1-N2-C:J06-U11,2005-06-03-17.42.34.188276,R22-M1-N2-C:J06-U11,RAS,KERNEL,INFO,generating core.366,E3,generating <*>
13490,-,1117845754,2005.06.03,R22-M1-N2-C:J14-U01,2005-06-03-17.42.34.876068,R22-M1-N2-C:J14-U01,RAS,KERNEL,INFO,generating core.356,E3,generating <*>
13492,-,1117845755,2005.06.03,R22-M1-N2-C:J10-U01,2005-06-03-17.42.35.490946,R22-M1-N2-C:J10-U01,RAS,KERNEL,INFO,generating core.357,E3,generating <*>
13493,-,1117845755,2005.06.03,R22-M1-N2-C:J12-U01,2005-06-03-17.42.35.756824,R22-M1-N2-C:J12-U01,RAS,KERNEL,INFO,generating core.293,E3,generating <*>
13491,-,1117845755,2005.06.03,R22-M1-N2-C:J16-U01,2005-06-03-17.42.35.402157,R22-M1-N2-C:J16-U01,RAS,KERNEL,INFO,generating core.292,E3,generating <*>
13495,-,1117845756,2005.06.03,R22-M1-N2-C:J04-U01,2005-06-03-17.42.36.720567,R22-M1-N2-C:J04-U01,RAS,KERNEL,INFO,generating core.295,E3,generating <*>
13496,-,1117845756,2005.06.03,R22-M1-N2-C:J06-U01,2005-06-03-17.42.36.931355,R22-M1-N2-C:J06-U01,RAS,KERNEL,INFO,generating core.358,E3,generating <*>
13494,-,1117845756,2005.06.03,R22-M1-N2-C:J08-U01,2005-06-03-17.42.36.548919,R22-M1-N2-C:J08-U01,RAS,KERNEL,INFO,generating core.294,E3,generating <*>
13498,-,1117845757,2005.06.03,R22-M1-N2-C:J02-U01,2005-06-03-17.42.37.860357,R22-M1-N2-C:J02-U01,RAS,KERNEL,INFO,generating core.359,E3,generating <*>
13497,-,1117845757,2005.06.03,R22-M1-N2-C:J04-U11,2005-06-03-17.42.37.677993,R22-M1-N2-C:J04-U11,RAS,KERNEL,INFO,generating core.303,E3,generating <*>
13499,-,1117845758,2005.06.03,R22-M1-N2-C:J02-U11,2005-06-03-17.42.38.103046,R22-M1-N2-C:J02-U11,RAS,KERNEL,INFO,generating core.367,E3,generating <*>
13500,-,1117845758,2005.06.03,R22-M1-N3-C:J09-U11,2005-06-03-17.42.38.915211,R22-M1-N3-C:J09-U11,RAS,KERNEL,INFO,generating core.314,E3,generating <*>
13502,-,1117845759,2005.06.03,R22-M1-N3-C:J11-U11,2005-06-03-17.42.39.272789,R22-M1-N3-C:J11-U11,RAS,KERNEL,INFO,generating core.377,E3,generating <*>
13501,-,1117845759,2005.06.03,R22-M1-N3-C:J15-U11,2005-06-03-17.42.39.050425,R22-M1-N3-C:J15-U11,RAS,KERNEL,INFO,generating core.376,E3,generating <*>
13503,-,1117845760,2005.06.03,R22-M1-N3-C:J13-U11,2005-06-03-17.42.40.178743,R22-M1-N3-C:J13-U11,RAS,KERNEL,INFO,generating core.313,E3,generating <*>
13504,-,1117845760,2005.06.03,R22-M1-N3-C:J17-U11,2005-06-03-17.42.40.442952,R22-M1-N3-C:J17-U11,RAS,KERNEL,INFO,generating core.312,E3,generating <*>
13507,-,1117845761,2005.06.03,R22-M1-N3-C:J05-U11,2005-06-03-17.42.41.607910,R22-M1-N3-C:J05-U11,RAS,KERNEL,INFO,generating core.315,E3,generating <*>
13506,-,1117845761,2005.06.03,R22-M1-N3-C:J03-U01,2005-06-03-17.42.41.398891,R22-M1-N3-C:J03-U01,RAS,KERNEL,INFO,generating core.371,E3,generating <*>
13505,-,1117845761,2005.06.03,R22-M1-N3-C:J05-U01,2005-06-03-17.42.41.261338,R22-M1-N3-C:J05-U01,RAS,KERNEL,INFO,generating core.307,E3,generating <*>
13510,-,1117845762,2005.06.03,R22-M1-N3-C:J15-U01,2005-06-03-17.42.42.782957,R22-M1-N3-C:J15-U01,RAS,KERNEL,INFO,generating core.368,E3,generating <*>
13508,-,1117845762,2005.06.03,R22-M1-N3-C:J03-U11,2005-06-03-17.42.42.417521,R22-M1-N3-C:J03-U11,RAS,KERNEL,INFO,generating core.379,E3,generating <*>
13509,-,1117845762,2005.06.03,R22-M1-N3-C:J07-U11,2005-06-03-17.42.42.760056,R22-M1-N3-C:J07-U11,RAS,KERNEL,INFO,generating core.378,E3,generating <*>
13511,-,1117845763,2005.06.03,R22-M1-N3-C:J17-U01,2005-06-03-17.42.43.344774,R22-M1-N3-C:J17-U01,RAS,KERNEL,INFO,generating core.304,E3,generating <*>
13512,-,1117845763,2005.06.03,R22-M1-N3-C:J11-U01,2005-06-03-17.42.43.738114,R22-M1-N3-C:J11-U01,RAS,KERNEL,INFO,generating core.369,E3,generating <*>
13513,-,1117845764,2005.06.03,R22-M1-N3-C:J07-U01,2005-06-03-17.42.44.153605,R22-M1-N3-C:J07-U01,RAS,KERNEL,INFO,generating core.370,E3,generating <*>
13517,-,1117845764,2005.06.03,R22-M1-N3-C:J08-U11,2005-06-03-17.42.44.902768,R22-M1-N3-C:J08-U11,RAS,KERNEL,INFO,generating core.298,E3,generating <*>
13516,-,1117845764,2005.06.03,R22-M1-N3-C:J16-U11,2005-06-03-17.42.44.823575,R22-M1-N3-C:J16-U11,RAS,KERNEL,INFO,generating core.296,E3,generating <*>
13514,-,1117845764,2005.06.03,R22-M1-N3-C:J13-U01,2005-06-03-17.42.44.178725,R22-M1-N3-C:J13-U01,RAS,KERNEL,INFO,generating core.305,E3,generating <*>
13515,-,1117845764,2005.06.03,R22-M1-N3-C:J09-U01,2005-06-03-17.42.44.435259,R22-M1-N3-C:J09-U01,RAS,KERNEL,INFO,generating core.306,E3,generating <*>
13519,-,1117845765,2005.06.03,R22-M1-N3-C:J10-U11,2005-06-03-17.42.45.674618,R22-M1-N3-C:J10-U11,RAS,KERNEL,INFO,generating core.361,E3,generating <*>
13521,-,1117845765,2005.06.03,R22-M1-N3-C:J12-U11,2005-06-03-17.42.45.930373,R22-M1-N3-C:J12-U11,RAS,KERNEL,INFO,generating core.297,E3,generating <*>
13518,-,1117845765,2005.06.03,R22-M1-N3-C:J14-U11,2005-06-03-17.42.45.269103,R22-M1-N3-C:J14-U11,RAS,KERNEL,INFO,generating core.360,E3,generating <*>
13520,-,1117845765,2005.06.03,R22-M1-N3-C:J06-U11,2005-06-03-17.42.45.701402,R22-M1-N3-C:J06-U11,RAS,KERNEL,INFO,generating core.362,E3,generating <*>
13524,-,1117845766,2005.06.03,R22-M1-N3-C:J10-U01,2005-06-03-17.42.46.770587,R22-M1-N3-C:J10-U01,RAS,KERNEL,INFO,generating core.353,E3,generating <*>
13523,-,1117845766,2005.06.03,R22-M1-N3-C:J16-U01,2005-06-03-17.42.46.374543,R22-M1-N3-C:J16-U01,RAS,KERNEL,INFO,generating core.288,E3,generating <*>
13522,-,1117845766,2005.06.03,R22-M1-N3-C:J14-U01,2005-06-03-17.42.46.337452,R22-M1-N3-C:J14-U01,RAS,KERNEL,INFO,generating core.352,E3,generating <*>
13528,-,1117845767,2005.06.03,R22-M1-N3-C:J06-U01,2005-06-03-17.42.47.821084,R22-M1-N3-C:J06-U01,RAS,KERNEL,INFO,generating core.354,E3,generating <*>
13525,-,1117845767,2005.06.03,R22-M1-N3-C:J12-U01,2005-06-03-17.42.47.064950,R22-M1-N3-C:J12-U01,RAS,KERNEL,INFO,generating core.289,E3,generating <*>
13527,-,1117845767,2005.06.03,R22-M1-N3-C:J04-U01,2005-06-03-17.42.47.441870,R22-M1-N3-C:J04-U01,RAS,KERNEL,INFO,generating core.291,E3,generating <*>
13526,-,1117845767,2005.06.03,R22-M1-N3-C:J08-U01,2005-06-03-17.42.47.176888,R22-M1-N3-C:J08-U01,RAS,KERNEL,INFO,generating core.290,E3,generating <*>
13530,-,1117845768,2005.06.03,R22-M1-N3-C:J02-U01,2005-06-03-17.42.48.465415,R22-M1-N3-C:J02-U01,RAS,KERNEL,INFO,generating core.355,E3,generating <*>
13531,-,1117845768,2005.06.03,R22-M1-N3-C:J02-U11,2005-06-03-17.42.48.866496,R22-M1-N3-C:J02-U11,RAS,KERNEL,INFO,generating core.363,E3,generating <*>
13529,-,1117845768,2005.06.03,R22-M1-N3-C:J04-U11,2005-06-03-17.42.48.230520,R22-M1-N3-C:J04-U11,RAS,KERNEL,INFO,generating core.299,E3,generating <*>
13532,-,1117845769,2005.06.03,R23-M1-NB-C:J09-U11,2005-06-03-17.42.49.288209,R23-M1-NB-C:J09-U11,RAS,KERNEL,INFO,generating core.794,E3,generating <*>
13535,-,1117845769,2005.06.03,R23-M1-NB-C:J13-U11,2005-06-03-17.42.49.955212,R23-M1-NB-C:J13-U11,RAS,KERNEL,INFO,generating core.793,E3,generating <*>
13533,-,1117845769,2005.06.03,R23-M1-NB-C:J15-U11,2005-06-03-17.42.49.523442,R23-M1-NB-C:J15-U11,RAS,KERNEL,INFO,generating core.856,E3,generating <*>
13534,-,1117845769,2005.06.03,R23-M1-NB-C:J11-U11,2005-06-03-17.42.49.873713,R23-M1-NB-C:J11-U11,RAS,KERNEL,INFO,generating core.857,E3,generating <*>
13536,-,1117845770,2005.06.03,R23-M1-NB-C:J17-U11,2005-06-03-17.42.50.376672,R23-M1-NB-C:J17-U11,RAS,KERNEL,INFO,generating core.792,E3,generating <*>
13538,-,1117845770,2005.06.03,R23-M1-NB-C:J03-U01,2005-06-03-17.42.50.808036,R23-M1-NB-C:J03-U01,RAS,KERNEL,INFO,generating core.851,E3,generating <*>
13537,-,1117845770,2005.06.03,R23-M1-NB-C:J05-U01,2005-06-03-17.42.50.758345,R23-M1-NB-C:J05-U01,RAS,KERNEL,INFO,generating core.787,E3,generating <*>
13539,-,1117845771,2005.06.03,R23-M1-NB-C:J05-U11,2005-06-03-17.42.51.038768,R23-M1-NB-C:J05-U11,RAS,KERNEL,INFO,generating core.795,E3,generating <*>
13542,-,1117845771,2005.06.03,R23-M1-NB-C:J15-U01,2005-06-03-17.42.51.885390,R23-M1-NB-C:J15-U01,RAS,KERNEL,INFO,generating core.848,E3,generating <*>
13540,-,1117845771,2005.06.03,R23-M1-NB-C:J03-U11,2005-06-03-17.42.51.457592,R23-M1-NB-C:J03-U11,RAS,KERNEL,INFO,generating core.859,E3,generating <*>
13541,-,1117845771,2005.06.03,R23-M1-NB-C:J07-U11,2005-06-03-17.42.51.477487,R23-M1-NB-C:J07-U11,RAS,KERNEL,INFO,generating core.858,E3,generating <*>
13544,-,1117845772,2005.06.03,R23-M1-NB-C:J11-U01,2005-06-03-17.42.52.314164,R23-M1-NB-C:J11-U01,RAS,KERNEL,INFO,generating core.849,E3,generating <*>
13546,-,1117845772,2005.06.03,R23-M1-NB-C:J13-U01,2005-06-03-17.42.52.945467,R23-M1-NB-C:J13-U01,RAS,KERNEL,INFO,generating core.785,E3,generating <*>
13543,-,1117845772,2005.06.03,R23-M1-NB-C:J17-U01,2005-06-03-17.42.52.292171,R23-M1-NB-C:J17-U01,RAS,KERNEL,INFO,generating core.784,E3,generating <*>
13545,-,1117845772,2005.06.03,R23-M1-NB-C:J07-U01,2005-06-03-17.42.52.776005,R23-M1-NB-C:J07-U01,RAS,KERNEL,INFO,generating core.850,E3,generating <*>
13548,-,1117845773,2005.06.03,R23-M1-NB-C:J16-U11,2005-06-03-17.42.53.645027,R23-M1-NB-C:J16-U11,RAS,KERNEL,INFO,generating core.776,E3,generating <*>
13549,-,1117845773,2005.06.03,R23-M1-NB-C:J08-U11,2005-06-03-17.42.53.892971,R23-M1-NB-C:J08-U11,RAS,KERNEL,INFO,generating core.778,E3,generating <*>
13547,-,1117845773,2005.06.03,R23-M1-NB-C:J09-U01,2005-06-03-17.42.53.371971,R23-M1-NB-C:J09-U01,RAS,KERNEL,INFO,generating core.786,E3,generating <*>
13551,-,1117845774,2005.06.03,R23-M1-NB-C:J10-U11,2005-06-03-17.42.54.410802,R23-M1-NB-C:J10-U11,RAS,KERNEL,INFO,generating core.841,E3,generating <*>
13553,-,1117845774,2005.06.03,R23-M1-NB-C:J12-U11,2005-06-03-17.42.54.829407,R23-M1-NB-C:J12-U11,RAS,KERNEL,INFO,generating core.777,E3,generating <*>
13550,-,1117845774,2005.06.03,R23-M1-NB-C:J14-U11,2005-06-03-17.42.54.007882,R23-M1-NB-C:J14-U11,RAS,KERNEL,INFO,generating core.840,E3,generating <*>
13552,-,1117845774,2005.06.03,R23-M1-NB-C:J06-U11,2005-06-03-17.42.54.476949,R23-M1-NB-C:J06-U11,RAS,KERNEL,INFO,generating core.842,E3,generating <*>
13554,-,1117845775,2005.06.03,R23-M1-NB-C:J14-U01,2005-06-03-17.42.55.077763,R23-M1-NB-C:J14-U01,RAS,KERNEL,INFO,generating core.832,E3,generating <*>
13556,-,1117845775,2005.06.03,R23-M1-NB-C:J10-U01,2005-06-03-17.42.55.502307,R23-M1-NB-C:J10-U01,RAS,KERNEL,INFO,generating core.833,E3,generating <*>
13558,-,1117845775,2005.06.03,R23-M1-NB-C:J08-U01,2005-06-03-17.42.55.942893,R23-M1-NB-C:J08-U01,RAS,KERNEL,INFO,generating core.770,E3,generating <*>
13555,-,1117845775,2005.06.03,R23-M1-NB-C:J16-U01,2005-06-03-17.42.55.479392,R23-M1-NB-C:J16-U01,RAS,KERNEL,INFO,generating core.768,E3,generating <*>
13557,-,1117845775,2005.06.03,R23-M1-NB-C:J12-U01,2005-06-03-17.42.55.918362,R23-M1-NB-C:J12-U01,RAS,KERNEL,INFO,generating core.769,E3,generating <*>
13561,-,1117845776,2005.06.03,R23-M1-NB-C:J04-U11,2005-06-03-17.42.56.593646,R23-M1-NB-C:J04-U11,RAS,KERNEL,INFO,generating core.779,E3,generating <*>
13560,-,1117845776,2005.06.03,R23-M1-NB-C:J06-U01,2005-06-03-17.42.56.569496,R23-M1-NB-C:J06-U01,RAS,KERNEL,INFO,generating core.834,E3,generating <*>
13559,-,1117845776,2005.06.03,R23-M1-NB-C:J04-U01,2005-06-03-17.42.56.152975,R23-M1-NB-C:J04-U01,RAS,KERNEL,INFO,generating core.771,E3,generating <*>
13562,-,1117845776,2005.06.03,R23-M1-NB-C:J02-U01,2005-06-03-17.42.56.983809,R23-M1-NB-C:J02-U01,RAS,KERNEL,INFO,generating core.835,E3,generating <*>
13566,-,1117845777,2005.06.03,R23-M1-NA-C:J11-U11,2005-06-03-17.42.57.666977,R23-M1-NA-C:J11-U11,RAS,KERNEL,INFO,generating core.861,E3,generating <*>
13564,-,1117845777,2005.06.03,R23-M1-NA-C:J09-U11,2005-06-03-17.42.57.416124,R23-M1-NA-C:J09-U11,RAS,KERNEL,INFO,generating core.798,E3,generating <*>
13565,-,1117845777,2005.06.03,R23-M1-NA-C:J15-U11,2005-06-03-17.42.57.439559,R23-M1-NA-C:J15-U11,RAS,KERNEL,INFO,generating core.860,E3,generating <*>
13563,-,1117845777,2005.06.03,R23-M1-NB-C:J02-U11,2005-06-03-17.42.57.006822,R23-M1-NB-C:J02-U11,RAS,KERNEL,INFO,generating core.843,E3,generating <*>
13568,-,1117845778,2005.06.03,R23-M1-NA-C:J17-U11,2005-06-03-17.42.58.080756,R23-M1-NA-C:J17-U11,RAS,KERNEL,INFO,generating core.796,E3,generating <*>
13571,-,1117845778,2005.06.03,R23-M1-NA-C:J05-U11,2005-06-03-17.42.58.832397,R23-M1-NA-C:J05-U11,RAS,KERNEL,INFO,generating core.799,E3,generating <*>
13567,-,1117845778,2005.06.03,R23-M1-NA-C:J13-U11,2005-06-03-17.42.58.057199,R23-M1-NA-C:J13-U11,RAS,KERNEL,INFO,generating core.797,E3,generating <*>
13569,-,1117845778,2005.06.03,R23-M1-NA-C:J05-U01,2005-06-03-17.42.58.486920,R23-M1-NA-C:J05-U01,RAS,KERNEL,INFO,generating core.791,E3,generating <*>
13572,-,1117845778,2005.06.03,R23-M1-NA-C:J03-U11,2005-06-03-17.42.58.906605,R23-M1-NA-C:J03-U11,RAS,KERNEL,INFO,generating core.863,E3,generating <*>
13573,-,1117845778,2005.06.03,R23-M1-NA-C:J07-U11,2005-06-03-17.42.58.930175,R23-M1-NA-C:J07-U11,RAS,KERNEL,INFO,generating core.862,E3,generating <*>
13570,-,1117845778,2005.06.03,R23-M1-NA-C:J03-U01,2005-06-03-17.42.58.535519,R23-M1-NA-C:J03-U01,RAS,KERNEL,INFO,generating core.855,E3,generating <*>
13575,-,1117845779,2005.06.03,R23-M1-NA-C:J17-U01,2005-06-03-17.42.59.716993,R23-M1-NA-C:J17-U01,RAS,KERNEL,INFO,generating core.788,E3,generating <*>
13576,-,1117845779,2005.06.03,R23-M1-NA-C:J11-U01,2005-06-03-17.42.59.842177,R23-M1-NA-C:J11-U01,RAS,KERNEL,INFO,generating core.853,E3,generating <*>
13574,-,1117845779,2005.06.03,R23-M1-NA-C:J15-U01,2005-06-03-17.42.59.138493,R23-M1-NA-C:J15-U01,RAS,KERNEL,INFO,generating core.852,E3,generating <*>
13582,-,1117845780,2005.06.03,R23-M1-NA-C:J14-U11,2005-06-03-17.43.00.908912,R23-M1-NA-C:J14-U11,RAS,KERNEL,INFO,generating core.844,E3,generating <*>
13577,-,1117845780,2005.06.03,R23-M1-NA-C:J07-U01,2005-06-03-17.43.00.031667,R23-M1-NA-C:J07-U01,RAS,KERNEL,INFO,generating core.854,E3,generating <*>
13579,-,1117845780,2005.06.03,R23-M1-NA-C:J09-U01,2005-06-03-17.43.00.145343,R23-M1-NA-C:J09-U01,RAS,KERNEL,INFO,generating core.790,E3,generating <*>
13581,-,1117845780,2005.06.03,R23-M1-NA-C:J08-U11,2005-06-03-17.43.00.567417,R23-M1-NA-C:J08-U11,RAS,KERNEL,INFO,generating core.782,E3,generating <*>
13583,-,1117845780,2005.06.03,R23-M1-NA-C:J10-U11,2005-06-03-17.43.00.990443,R23-M1-NA-C:J10-U11,RAS,KERNEL,INFO,generating core.845,E3,generating <*>
13580,-,1117845780,2005.06.03,R23-M1-NA-C:J16-U11,2005-06-03-17.43.00.543296,R23-M1-NA-C:J16-U11,RAS,KERNEL,INFO,generating core.780,E3,generating <*>
13578,-,1117845780,2005.06.03,R23-M1-NA-C:J13-U01,2005-06-03-17.43.00.120724,R23-M1-NA-C:J13-U01,RAS,KERNEL,INFO,generating core.789,E3,generating <*>
13587,-,1117845781,2005.06.03,R23-M1-NA-C:J16-U01,2005-06-03-17.43.01.944478,R23-M1-NA-C:J16-U01,RAS,KERNEL,INFO,generating core.772,E3,generating <*>
13584,-,1117845781,2005.06.03,R23-M1-NA-C:J06-U11,2005-06-03-17.43.01.015087,R23-M1-NA-C:J06-U11,RAS,KERNEL,INFO,generating core.846,E3,generating <*>
13585,-,1117845781,2005.06.03,R23-M1-NA-C:J12-U11,2005-06-03-17.43.01.242465,R23-M1-NA-C:J12-U11,RAS,KERNEL,INFO,generating core.781,E3,generating <*>
13586,-,1117845781,2005.06.03,R23-M1-NA-C:J14-U01,2005-06-03-17.43.01.800824,R23-M1-NA-C:J14-U01,RAS,KERNEL,INFO,generating core.836,E3,generating <*>
13589,-,1117845782,2005.06.03,R23-M1-NA-C:J12-U01,2005-06-03-17.43.02.591856,R23-M1-NA-C:J12-U01,RAS,KERNEL,INFO,generating core.773,E3,generating <*>
13588,-,1117845782,2005.06.03,R23-M1-NA-C:J10-U01,2005-06-03-17.43.02.310259,R23-M1-NA-C:J10-U01,RAS,KERNEL,INFO,generating core.837,E3,generating <*>
13591,-,1117845782,2005.06.03,R23-M1-NA-C:J04-U01,2005-06-03-17.43.02.631385,R23-M1-NA-C:J04-U01,RAS,KERNEL,INFO,generating core.775,E3,generating <*>
13590,-,1117845782,2005.06.03,R23-M1-NA-C:J08-U01,2005-06-03-17.43.02.612896,R23-M1-NA-C:J08-U01,RAS,KERNEL,INFO,generating core.774,E3,generating <*>
13595,-,1117845782,2005.06.03,R23-M1-NA-C:J02-U11,2005-06-03-17.43.02.705264,R23-M1-NA-C:J02-U11,RAS,KERNEL,INFO,generating core.847,E3,generating <*>
13597,-,1117845782,2005.06.03,R23-M1-ND-C:J15-U11,2005-06-03-17.43.02.742931,R23-M1-ND-C:J15-U11,RAS,KERNEL,INFO,generating core.728,E3,generating <*>
13598,-,1117845782,2005.06.03,R23-M1-ND-C:J11-U11,2005-06-03-17.43.02.761451,R23-M1-ND-C:J11-U11,RAS,KERNEL,INFO,generating core.729,E3,generating <*>
13599,-,1117845782,2005.06.03,R23-M1-ND-C:J13-U11,2005-06-03-17.43.02.780223,R23-M1-ND-C:J13-U11,RAS,KERNEL,INFO,generating core.665,E3,generating <*>
13596,-,1117845782,2005.06.03,R23-M1-ND-C:J09-U11,2005-06-03-17.43.02.724289,R23-M1-ND-C:J09-U11,RAS,KERNEL,INFO,generating core.666,E3,generating <*>
13592,-,1117845782,2005.06.03,R23-M1-NA-C:J06-U01,2005-06-03-17.43.02.649906,R23-M1-NA-C:J06-U01,RAS,KERNEL,INFO,generating core.838,E3,generating <*>
13593,-,1117845782,2005.06.03,R23-M1-NA-C:J04-U11,2005-06-03-17.43.02.668353,R23-M1-NA-C:J04-U11,RAS,KERNEL,INFO,generating core.783,E3,generating <*>
13594,-,1117845782,2005.06.03,R23-M1-NA-C:J02-U01,2005-06-03-17.43.02.686848,R23-M1-NA-C:J02-U01,RAS,KERNEL,INFO,generating core.839,E3,generating <*>
13600,-,1117845783,2005.06.03,R23-M1-ND-C:J17-U11,2005-06-03-17.43.03.061570,R23-M1-ND-C:J17-U11,RAS,KERNEL,INFO,generating core.664,E3,generating <*>
13601,-,1117845783,2005.06.03,R23-M1-ND-C:J05-U01,2005-06-03-17.43.03.118663,R23-M1-ND-C:J05-U01,RAS,KERNEL,INFO,generating core.659,E3,generating <*>
13603,-,1117845784,2005.06.03,R23-M1-ND-C:J05-U11,2005-06-03-17.43.04.794720,R23-M1-ND-C:J05-U11,RAS,KERNEL,INFO,generating core.667,E3,generating <*>
13602,-,1117845784,2005.06.03,R23-M1-ND-C:J03-U01,2005-06-03-17.43.04.169077,R23-M1-ND-C:J03-U01,RAS,KERNEL,INFO,generating core.723,E3,generating <*>
13606,-,1117845785,2005.06.03,R23-M1-ND-C:J15-U01,2005-06-03-17.43.05.944529,R23-M1-ND-C:J15-U01,RAS,KERNEL,INFO,generating core.720,E3,generating <*>
13605,-,1117845785,2005.06.03,R23-M1-ND-C:J07-U11,2005-06-03-17.43.05.750793,R23-M1-ND-C:J07-U11,RAS,KERNEL,INFO,generating core.730,E3,generating <*>
13604,-,1117845785,2005.06.03,R23-M1-ND-C:J03-U11,2005-06-03-17.43.05.240371,R23-M1-ND-C:J03-U11,RAS,KERNEL,INFO,generating core.731,E3,generating <*>
13618,-,1117845786,2005.06.03,R23-M1-ND-C:J14-U01,2005-06-03-17.43.06.927172,R23-M1-ND-C:J14-U01,RAS,KERNEL,INFO,generating core.704,E3,generating <*>
13617,-,1117845786,2005.06.03,R23-M1-ND-C:J12-U11,2005-06-03-17.43.06.881217,R23-M1-ND-C:J12-U11,RAS,KERNEL,INFO,generating core.649,E3,generating <*>
13614,-,1117845786,2005.06.03,R23-M1-ND-C:J14-U11,2005-06-03-17.43.06.794815,R23-M1-ND-C:J14-U11,RAS,KERNEL,INFO,generating core.712,E3,generating <*>
13609,-,1117845786,2005.06.03,R23-M1-ND-C:J07-U01,2005-06-03-17.43.06.289177,R23-M1-ND-C:J07-U01,RAS,KERNEL,INFO,generating core.722,E3,generating <*>
13610,-,1117845786,2005.06.03,R23-M1-ND-C:J13-U01,2005-06-03-17.43.06.700783,R23-M1-ND-C:J13-U01,RAS,KERNEL,INFO,generating core.657,E3,generating <*>
13613,-,1117845786,2005.06.03,R23-M1-ND-C:J08-U11,2005-06-03-17.43.06.771125,R23-M1-ND-C:J08-U11,RAS,KERNEL,INFO,generating core.650,E3,generating <*>
13612,-,1117845786,2005.06.03,R23-M1-ND-C:J16-U11,2005-06-03-17.43.06.748021,R23-M1-ND-C:J16-U11,RAS,KERNEL,INFO,generating core.648,E3,generating <*>
13611,-,1117845786,2005.06.03,R23-M1-ND-C:J09-U01,2005-06-03-17.43.06.723653,R23-M1-ND-C:J09-U01,RAS,KERNEL,INFO,generating core.658,E3,generating <*>
13616,-,1117845786,2005.06.03,R23-M1-ND-C:J06-U11,2005-06-03-17.43.06.844170,R23-M1-ND-C:J06-U11,RAS,KERNEL,INFO,generating core.714,E3,generating <*>
13615,-,1117845786,2005.06.03,R23-M1-ND-C:J10-U11,2005-06-03-17.43.06.819506,R23-M1-ND-C:J10-U11,RAS,KERNEL,INFO,generating core.713,E3,generating <*>
13619,-,1117845786,2005.06.03,R23-M1-ND-C:J16-U01,2005-06-03-17.43.06.955574,R23-M1-ND-C:J16-U01,RAS,KERNEL,INFO,generating core.640,E3,generating <*>
13608,-,1117845786,2005.06.03,R23-M1-ND-C:J11-U01,2005-06-03-17.43.06.102135,R23-M1-ND-C:J11-U01,RAS,KERNEL,INFO,generating core.721,E3,generating <*>
13607,-,1117845786,2005.06.03,R23-M1-ND-C:J17-U01,2005-06-03-17.43.06.054964,R23-M1-ND-C:J17-U01,RAS,KERNEL,INFO,generating core.656,E3,generating <*>
13627,-,1117845787,2005.06.03,R23-M1-ND-C:J02-U11,2005-06-03-17.43.07.238963,R23-M1-ND-C:J02-U11,RAS,KERNEL,INFO,generating core.715,E3,generating <*>
13626,-,1117845787,2005.06.03,R23-M1-ND-C:J02-U01,2005-06-03-17.43.07.214447,R23-M1-ND-C:J02-U01,RAS,KERNEL,INFO,generating core.707,E3,generating <*>
13620,-,1117845787,2005.06.03,R23-M1-ND-C:J10-U01,2005-06-03-17.43.07.065109,R23-M1-ND-C:J10-U01,RAS,KERNEL,INFO,generating core.705,E3,generating <*>
13625,-,1117845787,2005.06.03,R23-M1-ND-C:J04-U11,2005-06-03-17.43.07.189223,R23-M1-ND-C:J04-U11,RAS,KERNEL,INFO,generating core.651,E3,generating <*>
13628,-,1117845787,2005.06.03,R23-M1-N9-C:J09-U11,2005-06-03-17.43.07.263062,R23-M1-N9-C:J09-U11,RAS,KERNEL,INFO,generating core.922,E3,generating <*>
13636,-,1117845787,2005.06.03,R23-M1-N9-C:J03-U11,2005-06-03-17.43.07.472380,R23-M1-N9-C:J03-U11,RAS,KERNEL,INFO,generating core.987,E3,generating <*>
13630,-,1117845787,2005.06.03,R23-M1-N9-C:J11-U11,2005-06-03-17.43.07.308147,R23-M1-N9-C:J11-U11,RAS,KERNEL,INFO,generating core.985,E3,generating <*>
13648,-,1117845787,2005.06.03,R23-M1-N9-C:J06-U11,2005-06-03-17.43.07.857922,R23-M1-N9-C:J06-U11,RAS,KERNEL,INFO,generating core.970,E3,generating <*>
13634,-,1117845787,2005.06.03,R23-M1-N9-C:J03-U01,2005-06-03-17.43.07.415520,R23-M1-N9-C:J03-U01,RAS,KERNEL,INFO,generating core.979,E3,generating <*>
13633,-,1117845787,2005.06.03,R23-M1-N9-C:J05-U01,2005-06-03-17.43.07.377249,R23-M1-N9-C:J05-U01,RAS,KERNEL,INFO,generating core.915,E3,generating <*>
13632,-,1117845787,2005.06.03,R23-M1-N9-C:J17-U11,2005-06-03-17.43.07.353379,R23-M1-N9-C:J17-U11,RAS,KERNEL,INFO,generating core.920,E3,generating <*>
13631,-,1117845787,2005.06.03,R23-M1-N9-C:J13-U11,2005-06-03-17.43.07.330617,R23-M1-N9-C:J13-U11,RAS,KERNEL,INFO,generating core.921,E3,generating <*>
13652,-,1117845787,2005.06.03,R23-M1-N9-C:J10-U01,2005-06-03-17.43.07.982868,R23-M1-N9-C:J10-U01,RAS,KERNEL,INFO,generating core.961,E3,generating <*>
13640,-,1117845787,2005.06.03,R23-M1-N9-C:J11-U01,2005-06-03-17.43.07.649599,R23-M1-N9-C:J11-U01,RAS,KERNEL,INFO,generating core.977,E3,generating <*>
13651,-,1117845787,2005.06.03,R23-M1-N9-C:J16-U01,2005-06-03-17.43.07.953083,R23-M1-N9-C:J16-U01,RAS,KERNEL,INFO,generating core.896,E3,generating <*>
13650,-,1117845787,2005.06.03,R23-M1-N9-C:J14-U01,2005-06-03-17.43.07.925095,R23-M1-N9-C:J14-U01,RAS,KERNEL,INFO,generating core.960,E3,generating <*>
13622,-,1117845787,2005.06.03,R23-M1-ND-C:J08-U01,2005-06-03-17.43.07.114621,R23-M1-ND-C:J08-U01,RAS,KERNEL,INFO,generating core.642,E3,generating <*>
13621,-,1117845787,2005.06.03,R23-M1-ND-C:J12-U01,2005-06-03-17.43.07.089657,R23-M1-ND-C:J12-U01,RAS,KERNEL,INFO,generating core.641,E3,generating <*>
13624,-,1117845787,2005.06.03,R23-M1-ND-C:J06-U01,2005-06-03-17.43.07.164308,R23-M1-ND-C:J06-U01,RAS,KERNEL,INFO,generating core.706,E3,generating <*>
13623,-,1117845787,2005.06.03,R23-M1-ND-C:J04-U01,2005-06-03-17.43.07.139249,R23-M1-ND-C:J04-U01,RAS,KERNEL,INFO,generating core.643,E3,generating <*>
13646,-,1117845787,2005.06.03,R23-M1-N9-C:J14-U11,2005-06-03-17.43.07.796538,R23-M1-N9-C:J14-U11,RAS,KERNEL,INFO,generating core.968,E3,generating <*>
13647,-,1117845787,2005.06.03,R23-M1-N9-C:J10-U11,2005-06-03-17.43.07.820046,R23-M1-N9-C:J10-U11,RAS,KERNEL,INFO,generating core.969,E3,generating <*>
13643,-,1117845787,2005.06.03,R23-M1-N9-C:J09-U01,2005-06-03-17.43.07.724570,R23-M1-N9-C:J09-U01,RAS,KERNEL,INFO,generating core.914,E3,generating <*>
13645,-,1117845787,2005.06.03,R23-M1-N9-C:J08-U11,2005-06-03-17.43.07.773676,R23-M1-N9-C:J08-U11,RAS,KERNEL,INFO,generating core.906,E3,generating <*>
13637,-,1117845787,2005.06.03,R23-M1-N9-C:J07-U11,2005-06-03-17.43.07.576903,R23-M1-N9-C:J07-U11,RAS,KERNEL,INFO,generating core.986,E3,generating <*>
13638,-,1117845787,2005.06.03,R23-M1-N9-C:J15-U01,2005-06-03-17.43.07.601233,R23-M1-N9-C:J15-U01,RAS,KERNEL,INFO,generating core.976,E3,generating <*>
13639,-,1117845787,2005.06.03,R23-M1-N9-C:J17-U01,2005-06-03-17.43.07.625326,R23-M1-N9-C:J17-U01,RAS,KERNEL,INFO,generating core.912,E3,generating <*>
13644,-,1117845787,2005.06.03,R23-M1-N9-C:J16-U11,2005-06-03-17.43.07.749174,R23-M1-N9-C:J16-U11,RAS,KERNEL,INFO,generating core.904,E3,generating <*>
13641,-,1117845787,2005.06.03,R23-M1-N9-C:J07-U01,2005-06-03-17.43.07.674837,R23-M1-N9-C:J07-U01,RAS,KERNEL,INFO,generating core.978,E3,generating <*>
13629,-,1117845787,2005.06.03,R23-M1-N9-C:J15-U11,2005-06-03-17.43.07.285562,R23-M1-N9-C:J15-U11,RAS,KERNEL,INFO,generating core.984,E3,generating <*>
13635,-,1117845787,2005.06.03,R23-M1-N9-C:J05-U11,2005-06-03-17.43.07.443272,R23-M1-N9-C:J05-U11,RAS,KERNEL,INFO,generating core.923,E3,generating <*>
13642,-,1117845787,2005.06.03,R23-M1-N9-C:J13-U01,2005-06-03-17.43.07.699953,R23-M1-N9-C:J13-U01,RAS,KERNEL,INFO,generating core.913,E3,generating <*>
13649,-,1117845787,2005.06.03,R23-M1-N9-C:J12-U11,2005-06-03-17.43.07.881032,R23-M1-N9-C:J12-U11,RAS,KERNEL,INFO,generating core.905,E3,generating <*>
13670,-,1117845788,2005.06.03,R23-M1-N2-C:J15-U01,2005-06-03-17.43.08.620884,R23-M1-N2-C:J15-U01,RAS,KERNEL,INFO,generating core.884,E3,generating <*>
13655,-,1117845788,2005.06.03,R23-M1-N9-C:J04-U01,2005-06-03-17.43.08.139793,R23-M1-N9-C:J04-U01,RAS,KERNEL,INFO,generating core.899,E3,generating <*>
13671,-,1117845788,2005.06.03,R23-M1-N2-C:J17-U01,2005-06-03-17.43.08.644933,R23-M1-N2-C:J17-U01,RAS,KERNEL,INFO,generating core.820,E3,generating <*>
13654,-,1117845788,2005.06.03,R23-M1-N9-C:J08-U01,2005-06-03-17.43.08.114001,R23-M1-N9-C:J08-U01,RAS,KERNEL,INFO,generating core.898,E3,generating <*>
13667,-,1117845788,2005.06.03,R23-M1-N2-C:J05-U11,2005-06-03-17.43.08.464094,R23-M1-N2-C:J05-U11,RAS,KERNEL,INFO,generating core.831,E3,generating <*>
13665,-,1117845788,2005.06.03,R23-M1-N2-C:J05-U01,2005-06-03-17.43.08.383975,R23-M1-N2-C:J05-U01,RAS,KERNEL,INFO,generating core.823,E3,generating <*>
13663,-,1117845788,2005.06.03,R23-M1-N2-C:J13-U11,2005-06-03-17.43.08.335842,R23-M1-N2-C:J13-U11,RAS,KERNEL,INFO,generating core.829,E3,generating <*>
13657,-,1117845788,2005.06.03,R23-M1-N9-C:J04-U11,2005-06-03-17.43.08.190511,R23-M1-N9-C:J04-U11,RAS,KERNEL,INFO,generating core.907,E3,generating <*>
13660,-,1117845788,2005.06.03,R23-M1-N2-C:J09-U11,2005-06-03-17.43.08.265222,R23-M1-N2-C:J09-U11,RAS,KERNEL,INFO,generating core.830,E3,generating <*>
13659,-,1117845788,2005.06.03,R23-M1-N9-C:J02-U11,2005-06-03-17.43.08.240097,R23-M1-N9-C:J02-U11,RAS,KERNEL,INFO,generating core.971,E3,generating <*>
13666,-,1117845788,2005.06.03,R23-M1-N2-C:J03-U01,2005-06-03-17.43.08.436275,R23-M1-N2-C:J03-U01,RAS,KERNEL,INFO,generating core.887,E3,generating <*>
13664,-,1117845788,2005.06.03,R23-M1-N2-C:J17-U11,2005-06-03-17.43.08.358883,R23-M1-N2-C:J17-U11,RAS,KERNEL,INFO,generating core.828,E3,generating <*>
13662,-,1117845788,2005.06.03,R23-M1-N2-C:J11-U11,2005-06-03-17.43.08.313021,R23-M1-N2-C:J11-U11,RAS,KERNEL,INFO,generating core.893,E3,generating <*>
13658,-,1117845788,2005.06.03,R23-M1-N9-C:J02-U01,2005-06-03-17.43.08.215723,R23-M1-N9-C:J02-U01,RAS,KERNEL,INFO,generating core.963,E3,generating <*>
13678,-,1117845788,2005.06.03,R23-M1-N2-C:J14-U11,2005-06-03-17.43.08.817543,R23-M1-N2-C:J14-U11,RAS,KERNEL,INFO,generating core.876,E3,generating <*>
13656,-,1117845788,2005.06.03,R23-M1-N9-C:J06-U01,2005-06-03-17.43.08.164755,R23-M1-N9-C:J06-U01,RAS,KERNEL,INFO,generating core.962,E3,generating <*>
13661,-,1117845788,2005.06.03,R23-M1-N2-C:J15-U11,2005-06-03-17.43.08.289516,R23-M1-N2-C:J15-U11,RAS,KERNEL,INFO,generating core.892,E3,generating <*>
13674,-,1117845788,2005.06.03,R23-M1-N2-C:J13-U01,2005-06-03-17.43.08.720121,R23-M1-N2-C:J13-U01,RAS,KERNEL,INFO,generating core.821,E3,generating <*>
13673,-,1117845788,2005.06.03,R23-M1-N2-C:J07-U01,2005-06-03-17.43.08.694580,R23-M1-N2-C:J07-U01,RAS,KERNEL,INFO,generating core.886,E3,generating <*>
13676,-,1117845788,2005.06.03,R23-M1-N2-C:J16-U11,2005-06-03-17.43.08.769514,R23-M1-N2-C:J16-U11,RAS,KERNEL,INFO,generating core.812,E3,generating <*>
13679,-,1117845788,2005.06.03,R23-M1-N2-C:J10-U11,2005-06-03-17.43.08.841197,R23-M1-N2-C:J10-U11,RAS,KERNEL,INFO,generating core.877,E3,generating <*>
13681,-,1117845788,2005.06.03,R23-M1-N2-C:J12-U11,2005-06-03-17.43.08.889154,R23-M1-N2-C:J12-U11,RAS,KERNEL,INFO,generating core.813,E3,generating <*>
13680,-,1117845788,2005.06.03,R23-M1-N2-C:J06-U11,2005-06-03-17.43.08.865053,R23-M1-N2-C:J06-U11,RAS,KERNEL,INFO,generating core.878,E3,generating <*>
13672,-,1117845788,2005.06.03,R23-M1-N2-C:J11-U01,2005-06-03-17.43.08.669487,R23-M1-N2-C:J11-U01,RAS,KERNEL,INFO,generating core.885,E3,generating <*>
13675,-,1117845788,2005.06.03,R23-M1-N2-C:J09-U01,2005-06-03-17.43.08.745077,R23-M1-N2-C:J09-U01,RAS,KERNEL,INFO,generating core.822,E3,generating <*>
13669,-,1117845788,2005.06.03,R23-M1-N2-C:J07-U11,2005-06-03-17.43.08.596078,R23-M1-N2-C:J07-U11,RAS,KERNEL,INFO,generating core.894,E3,generating <*>
13653,-,1117845788,2005.06.03,R23-M1-N9-C:J12-U01,2005-06-03-17.43.08.089426,R23-M1-N9-C:J12-U01,RAS,KERNEL,INFO,generating core.897,E3,generating <*>
13677,-,1117845788,2005.06.03,R23-M1-N2-C:J08-U11,2005-06-03-17.43.08.794061,R23-M1-N2-C:J08-U11,RAS,KERNEL,INFO,generating core.814,E3,generating <*>
13668,-,1117845788,2005.06.03,R23-M1-N2-C:J03-U11,2005-06-03-17.43.08.517021,R23-M1-N2-C:J03-U11,RAS,KERNEL,INFO,generating core.895,E3,generating <*>
13703,-,1117845789,2005.06.03,R23-M1-N1-C:J17-U01,2005-06-03-17.43.09.747081,R23-M1-N1-C:J17-U01,RAS,KERNEL,INFO,generating core.944,E3,generating <*>
13712,-,1117845789,2005.06.03,R23-M1-N1-C:J06-U11,2005-06-03-17.43.09.996734,R23-M1-N1-C:J06-U11,RAS,KERNEL,INFO,generating core.1002,E3,generating <*>
13689,-,1117845789,2005.06.03,R23-M1-N2-C:J04-U11,2005-06-03-17.43.09.273357,R23-M1-N2-C:J04-U11,RAS,KERNEL,INFO,generating core.815,E3,generating <*>
13688,-,1117845789,2005.06.03,R23-M1-N2-C:J06-U01,2005-06-03-17.43.09.248658,R23-M1-N2-C:J06-U01,RAS,KERNEL,INFO,generating core.870,E3,generating <*>
13707,-,1117845789,2005.06.03,R23-M1-N1-C:J09-U01,2005-06-03-17.43.09.845022,R23-M1-N1-C:J09-U01,RAS,KERNEL,INFO,generating core.946,E3,generating <*>
13704,-,1117845789,2005.06.03,R23-M1-N1-C:J11-U01,2005-06-03-17.43.09.772030,R23-M1-N1-C:J11-U01,RAS,KERNEL,INFO,generating core.1009,E3,generating <*>
13705,-,1117845789,2005.06.03,R23-M1-N1-C:J07-U01,2005-06-03-17.43.09.796882,R23-M1-N1-C:J07-U01,RAS,KERNEL,INFO,generating core.1010,E3,generating <*>
13708,-,1117845789,2005.06.03,R23-M1-N1-C:J16-U11,2005-06-03-17.43.09.868807,R23-M1-N1-C:J16-U11,RAS,KERNEL,INFO,generating core.936,E3,generating <*>
13690,-,1117845789,2005.06.03,R23-M1-N2-C:J02-U01,2005-06-03-17.43.09.298428,R23-M1-N2-C:J02-U01,RAS,KERNEL,INFO,generating core.871,E3,generating <*>
13692,-,1117845789,2005.06.03,R23-M1-N1-C:J09-U11,2005-06-03-17.43.09.345377,R23-M1-N1-C:J09-U11,RAS,KERNEL,INFO,generating core.954,E3,generating <*>
13706,-,1117845789,2005.06.03,R23-M1-N1-C:J13-U01,2005-06-03-17.43.09.821247,R23-M1-N1-C:J13-U01,RAS,KERNEL,INFO,generating core.945,E3,generating <*>
13709,-,1117845789,2005.06.03,R23-M1-N1-C:J08-U11,2005-06-03-17.43.09.892390,R23-M1-N1-C:J08-U11,RAS,KERNEL,INFO,generating core.938,E3,generating <*>
13700,-,1117845789,2005.06.03,R23-M1-N1-C:J03-U11,2005-06-03-17.43.09.670981,R23-M1-N1-C:J03-U11,RAS,KERNEL,INFO,generating core.1019,E3,generating <*>
13699,-,1117845789,2005.06.03,R23-M1-N1-C:J05-U11,2005-06-03-17.43.09.645932,R23-M1-N1-C:J05-U11,RAS,KERNEL,INFO,generating core.955,E3,generating <*>
13702,-,1117845789,2005.06.03,R23-M1-N1-C:J15-U01,2005-06-03-17.43.09.722121,R23-M1-N1-C:J15-U01,RAS,KERNEL,INFO,generating core.1008,E3,generating <*>
13701,-,1117845789,2005.06.03,R23-M1-N1-C:J07-U11,2005-06-03-17.43.09.696333,R23-M1-N1-C:J07-U11,RAS,KERNEL,INFO,generating core.1018,E3,generating <*>
13683,-,1117845789,2005.06.03,R23-M1-N2-C:J16-U01,2005-06-03-17.43.09.108220,R23-M1-N2-C:J16-U01,RAS,KERNEL,INFO,generating core.804,E3,generating <*>
13682,-,1117845789,2005.06.03,R23-M1-N2-C:J14-U01,2005-06-03-17.43.09.003540,R23-M1-N2-C:J14-U01,RAS,KERNEL,INFO,generating core.868,E3,generating <*>
13711,-,1117845789,2005.06.03,R23-M1-N1-C:J10-U11,2005-06-03-17.43.09.967112,R23-M1-N1-C:J10-U11,RAS,KERNEL,INFO,generating core.1001,E3,generating <*>
13710,-,1117845789,2005.06.03,R23-M1-N1-C:J14-U11,2005-06-03-17.43.09.916239,R23-M1-N1-C:J14-U11,RAS,KERNEL,INFO,generating core.1000,E3,generating <*>
13687,-,1117845789,2005.06.03,R23-M1-N2-C:J04-U01,2005-06-03-17.43.09.224081,R23-M1-N2-C:J04-U01,RAS,KERNEL,INFO,generating core.807,E3,generating <*>
13694,-,1117845789,2005.06.03,R23-M1-N1-C:J11-U11,2005-06-03-17.43.09.392623,R23-M1-N1-C:J11-U11,RAS,KERNEL,INFO,generating core.1017,E3,generating <*>
13684,-,1117845789,2005.06.03,R23-M1-N2-C:J10-U01,2005-06-03-17.43.09.132640,R23-M1-N2-C:J10-U01,RAS,KERNEL,INFO,generating core.869,E3,generating <*>
13693,-,1117845789,2005.06.03,R23-M1-N1-C:J15-U11,2005-06-03-17.43.09.369195,R23-M1-N1-C:J15-U11,RAS,KERNEL,INFO,generating core.1016,E3,generating <*>
13691,-,1117845789,2005.06.03,R23-M1-N2-C:J02-U11,2005-06-03-17.43.09.322297,R23-M1-N2-C:J02-U11,RAS,KERNEL,INFO,generating core.879,E3,generating <*>
13697,-,1117845789,2005.06.03,R23-M1-N1-C:J05-U01,2005-06-03-17.43.09.509078,R23-M1-N1-C:J05-U01,RAS,KERNEL,INFO,generating core.947,E3,generating <*>
13698,-,1117845789,2005.06.03,R23-M1-N1-C:J03-U01,2005-06-03-17.43.09.620341,R23-M1-N1-C:J03-U01,RAS,KERNEL,INFO,generating core.1011,E3,generating <*>
13696,-,1117845789,2005.06.03,R23-M1-N1-C:J17-U11,2005-06-03-17.43.09.478991,R23-M1-N1-C:J17-U11,RAS,KERNEL,INFO,generating core.952,E3,generating <*>
13686,-,1117845789,2005.06.03,R23-M1-N2-C:J08-U01,2005-06-03-17.43.09.195235,R23-M1-N2-C:J08-U01,RAS,KERNEL,INFO,generating core.806,E3,generating <*>
13685,-,1117845789,2005.06.03,R23-M1-N2-C:J12-U01,2005-06-03-17.43.09.170471,R23-M1-N2-C:J12-U01,RAS,KERNEL,INFO,generating core.805,E3,generating <*>
13695,-,1117845789,2005.06.03,R23-M1-N1-C:J13-U11,2005-06-03-17.43.09.417361,R23-M1-N1-C:J13-U11,RAS,KERNEL,INFO,generating core.953,E3,generating <*>
13732,-,1117845790,2005.06.03,R23-M1-N5-C:J03-U11,2005-06-03-17.43.10.742965,R23-M1-N5-C:J03-U11,RAS,KERNEL,INFO,generating core.763,E3,generating <*>
13724,-,1117845790,2005.06.03,R23-M1-N5-C:J09-U11,2005-06-03-17.43.10.418354,R23-M1-N5-C:J09-U11,RAS,KERNEL,INFO,generating core.698,E3,generating <*>
13733,-,1117845790,2005.06.03,R23-M1-N5-C:J07-U11,2005-06-03-17.43.10.768239,R23-M1-N5-C:J07-U11,RAS,KERNEL,INFO,generating core.762,E3,generating <*>
13729,-,1117845790,2005.06.03,R23-M1-N5-C:J05-U01,2005-06-03-17.43.10.662487,R23-M1-N5-C:J05-U01,RAS,KERNEL,INFO,generating core.691,E3,generating <*>
13728,-,1117845790,2005.06.03,R23-M1-N5-C:J17-U11,2005-06-03-17.43.10.636742,R23-M1-N5-C:J17-U11,RAS,KERNEL,INFO,generating core.696,E3,generating <*>
13730,-,1117845790,2005.06.03,R23-M1-N5-C:J03-U01,2005-06-03-17.43.10.691891,R23-M1-N5-C:J03-U01,RAS,KERNEL,INFO,generating core.755,E3,generating <*>
13731,-,1117845790,2005.06.03,R23-M1-N5-C:J05-U11,2005-06-03-17.43.10.717020,R23-M1-N5-C:J05-U11,RAS,KERNEL,INFO,generating core.699,E3,generating <*>
13727,-,1117845790,2005.06.03,R23-M1-N5-C:J13-U11,2005-06-03-17.43.10.533020,R23-M1-N5-C:J13-U11,RAS,KERNEL,INFO,generating core.697,E3,generating <*>
13739,-,1117845790,2005.06.03,R23-M1-N5-C:J09-U01,2005-06-03-17.43.10.916931,R23-M1-N5-C:J09-U01,RAS,KERNEL,INFO,generating core.690,E3,generating <*>
13741,-,1117845790,2005.06.03,R23-M1-N5-C:J08-U11,2005-06-03-17.43.10.985201,R23-M1-N5-C:J08-U11,RAS,KERNEL,INFO,generating core.682,E3,generating <*>
13740,-,1117845790,2005.06.03,R23-M1-N5-C:J16-U11,2005-06-03-17.43.10.940469,R23-M1-N5-C:J16-U11,RAS,KERNEL,INFO,generating core.680,E3,generating <*>
13725,-,1117845790,2005.06.03,R23-M1-N5-C:J15-U11,2005-06-03-17.43.10.473579,R23-M1-N5-C:J15-U11,RAS,KERNEL,INFO,generating core.760,E3,generating <*>
13738,-,1117845790,2005.06.03,R23-M1-N5-C:J13-U01,2005-06-03-17.43.10.893294,R23-M1-N5-C:J13-U01,RAS,KERNEL,INFO,generating core.689,E3,generating <*>
13737,-,1117845790,2005.06.03,R23-M1-N5-C:J07-U01,2005-06-03-17.43.10.869709,R23-M1-N5-C:J07-U01,RAS,KERNEL,INFO,generating core.754,E3,generating <*>
13736,-,1117845790,2005.06.03,R23-M1-N5-C:J11-U01,2005-06-03-17.43.10.846120,R23-M1-N5-C:J11-U01,RAS,KERNEL,INFO,generating core.753,E3,generating <*>
13715,-,1117845790,2005.06.03,R23-M1-N1-C:J16-U01,2005-06-03-17.43.10.190968,R23-M1-N1-C:J16-U01,RAS,KERNEL,INFO,generating core.928,E3,generating <*>
13726,-,1117845790,2005.06.03,R23-M1-N5-C:J11-U11,2005-06-03-17.43.10.502547,R23-M1-N5-C:J11-U11,RAS,KERNEL,INFO,generating core.761,E3,generating <*>
13716,-,1117845790,2005.06.03,R23-M1-N1-C:J10-U01,2005-06-03-17.43.10.216306,R23-M1-N1-C:J10-U01,RAS,KERNEL,INFO,generating core.993,E3,generating <*>
13719,-,1117845790,2005.06.03,R23-M1-N1-C:J04-U01,2005-06-03-17.43.10.297850,R23-M1-N1-C:J04-U01,RAS,KERNEL,INFO,generating core.931,E3,generating <*>
13735,-,1117845790,2005.06.03,R23-M1-N5-C:J17-U01,2005-06-03-17.43.10.821099,R23-M1-N5-C:J17-U01,RAS,KERNEL,INFO,generating core.688,E3,generating <*>
13734,-,1117845790,2005.06.03,R23-M1-N5-C:J15-U01,2005-06-03-17.43.10.795119,R23-M1-N5-C:J15-U01,RAS,KERNEL,INFO,generating core.752,E3,generating <*>
13722,-,1117845790,2005.06.03,R23-M1-N1-C:J02-U01,2005-06-03-17.43.10.371387,R23-M1-N1-C:J02-U01,RAS,KERNEL,INFO,generating core.995,E3,generating <*>
13723,-,1117845790,2005.06.03,R23-M1-N1-C:J02-U11,2005-06-03-17.43.10.394537,R23-M1-N1-C:J02-U11,RAS,KERNEL,INFO,generating core.1003,E3,generating <*>
13720,-,1117845790,2005.06.03,R23-M1-N1-C:J06-U01,2005-06-03-17.43.10.323563,R23-M1-N1-C:J06-U01,RAS,KERNEL,INFO,generating core.994,E3,generating <*>
13721,-,1117845790,2005.06.03,R23-M1-N1-C:J04-U11,2005-06-03-17.43.10.347606,R23-M1-N1-C:J04-U11,RAS,KERNEL,INFO,generating core.939,E3,generating <*>
13713,-,1117845790,2005.06.03,R23-M1-N1-C:J12-U11,2005-06-03-17.43.10.133635,R23-M1-N1-C:J12-U11,RAS,KERNEL,INFO,generating core.937,E3,generating <*>
13714,-,1117845790,2005.06.03,R23-M1-N1-C:J14-U01,2005-06-03-17.43.10.165886,R23-M1-N1-C:J14-U01,RAS,KERNEL,INFO,generating core.992,E3,generating <*>
13717,-,1117845790,2005.06.03,R23-M1-N1-C:J12-U01,2005-06-03-17.43.10.247119,R23-M1-N1-C:J12-U01,RAS,KERNEL,INFO,generating core.929,E3,generating <*>
13718,-,1117845790,2005.06.03,R23-M1-N1-C:J08-U01,2005-06-03-17.43.10.272535,R23-M1-N1-C:J08-U01,RAS,KERNEL,INFO,generating core.930,E3,generating <*>
13769,-,1117845791,2005.06.03,R23-M1-NE-C:J07-U01,2005-06-03-17.43.11.907974,R23-M1-NE-C:J07-U01,RAS,KERNEL,INFO,generating core.598,E3,generating <*>
13768,-,1117845791,2005.06.03,R23-M1-NE-C:J11-U01,2005-06-03-17.43.11.885189,R23-M1-NE-C:J11-U01,RAS,KERNEL,INFO,generating core.597,E3,generating <*>
13761,-,1117845791,2005.06.03,R23-M1-NE-C:J05-U01,2005-06-03-17.43.11.707023,R23-M1-NE-C:J05-U01,RAS,KERNEL,INFO,generating core.535,E3,generating <*>
13760,-,1117845791,2005.06.03,R23-M1-NE-C:J17-U11,2005-06-03-17.43.11.682171,R23-M1-NE-C:J17-U11,RAS,KERNEL,INFO,generating core.540,E3,generating <*>
13759,-,1117845791,2005.06.03,R23-M1-NE-C:J13-U11,2005-06-03-17.43.11.657176,R23-M1-NE-C:J13-U11,RAS,KERNEL,INFO,generating core.541,E3,generating <*>
13758,-,1117845791,2005.06.03,R23-M1-NE-C:J11-U11,2005-06-03-17.43.11.548379,R23-M1-NE-C:J11-U11,RAS,KERNEL,INFO,generating core.605,E3,generating <*>
13751,-,1117845791,2005.06.03,R23-M1-N5-C:J04-U01,2005-06-03-17.43.11.327656,R23-M1-N5-C:J04-U01,RAS,KERNEL,INFO,generating core.675,E3,generating <*>
13750,-,1117845791,2005.06.03,R23-M1-N5-C:J08-U01,2005-06-03-17.43.11.300819,R23-M1-N5-C:J08-U01,RAS,KERNEL,INFO,generating core.674,E3,generating <*>
13744,-,1117845791,2005.06.03,R23-M1-N5-C:J06-U11,2005-06-03-17.43.11.145487,R23-M1-N5-C:J06-U11,RAS,KERNEL,INFO,generating core.746,E3,generating <*>
13745,-,1117845791,2005.06.03,R23-M1-N5-C:J12-U11,2005-06-03-17.43.11.170387,R23-M1-N5-C:J12-U11,RAS,KERNEL,INFO,generating core.681,E3,generating <*>
13747,-,1117845791,2005.06.03,R23-M1-N5-C:J16-U01,2005-06-03-17.43.11.225806,R23-M1-N5-C:J16-U01,RAS,KERNEL,INFO,generating core.672,E3,generating <*>
13746,-,1117845791,2005.06.03,R23-M1-N5-C:J14-U01,2005-06-03-17.43.11.200070,R23-M1-N5-C:J14-U01,RAS,KERNEL,INFO,generating core.736,E3,generating <*>
13742,-,1117845791,2005.06.03,R23-M1-N5-C:J14-U11,2005-06-03-17.43.11.013631,R23-M1-N5-C:J14-U11,RAS,KERNEL,INFO,generating core.744,E3,generating <*>
13743,-,1117845791,2005.06.03,R23-M1-N5-C:J10-U11,2005-06-03-17.43.11.059972,R23-M1-N5-C:J10-U11,RAS,KERNEL,INFO,generating core.745,E3,generating <*>
13748,-,1117845791,2005.06.03,R23-M1-N5-C:J10-U01,2005-06-03-17.43.11.251558,R23-M1-N5-C:J10-U01,RAS,KERNEL,INFO,generating core.737,E3,generating <*>
13749,-,1117845791,2005.06.03,R23-M1-N5-C:J12-U01,2005-06-03-17.43.11.276255,R23-M1-N5-C:J12-U01,RAS,KERNEL,INFO,generating core.673,E3,generating <*>
13762,-,1117845791,2005.06.03,R23-M1-NE-C:J03-U01,2005-06-03-17.43.11.739195,R23-M1-NE-C:J03-U01,RAS,KERNEL,INFO,generating core.599,E3,generating <*>
13757,-,1117845791,2005.06.03,R23-M1-NE-C:J15-U11,2005-06-03-17.43.11.517709,R23-M1-NE-C:J15-U11,RAS,KERNEL,INFO,generating core.604,E3,generating <*>
13756,-,1117845791,2005.06.03,R23-M1-NE-C:J09-U11,2005-06-03-17.43.11.483275,R23-M1-NE-C:J09-U11,RAS,KERNEL,INFO,generating core.542,E3,generating <*>
13753,-,1117845791,2005.06.03,R23-M1-N5-C:J04-U11,2005-06-03-17.43.11.374830,R23-M1-N5-C:J04-U11,RAS,KERNEL,INFO,generating core.683,E3,generating <*>
13755,-,1117845791,2005.06.03,R23-M1-N5-C:J02-U11,2005-06-03-17.43.11.434959,R23-M1-N5-C:J02-U11,RAS,KERNEL,INFO,generating core.747,E3,generating <*>
13754,-,1117845791,2005.06.03,R23-M1-N5-C:J02-U01,2005-06-03-17.43.11.411950,R23-M1-N5-C:J02-U01,RAS,KERNEL,INFO,generating core.739,E3,generating <*>
13752,-,1117845791,2005.06.03,R23-M1-N5-C:J06-U01,2005-06-03-17.43.11.351698,R23-M1-N5-C:J06-U01,RAS,KERNEL,INFO,generating core.738,E3,generating <*>
13767,-,1117845791,2005.06.03,R23-M1-NE-C:J17-U01,2005-06-03-17.43.11.862054,R23-M1-NE-C:J17-U01,RAS,KERNEL,INFO,generating core.532,E3,generating <*>
13765,-,1117845791,2005.06.03,R23-M1-NE-C:J07-U11,2005-06-03-17.43.11.813623,R23-M1-NE-C:J07-U11,RAS,KERNEL,INFO,generating core.606,E3,generating <*>
13766,-,1117845791,2005.06.03,R23-M1-NE-C:J15-U01,2005-06-03-17.43.11.838182,R23-M1-NE-C:J15-U01,RAS,KERNEL,INFO,generating core.596,E3,generating <*>
13763,-,1117845791,2005.06.03,R23-M1-NE-C:J05-U11,2005-06-03-17.43.11.764190,R23-M1-NE-C:J05-U11,RAS,KERNEL,INFO,generating core.543,E3,generating <*>
13771,-,1117845791,2005.06.03,R23-M1-NE-C:J09-U01,2005-06-03-17.43.11.957212,R23-M1-NE-C:J09-U01,RAS,KERNEL,INFO,generating core.534,E3,generating <*>
13770,-,1117845791,2005.06.03,R23-M1-NE-C:J13-U01,2005-06-03-17.43.11.931243,R23-M1-NE-C:J13-U01,RAS,KERNEL,INFO,generating core.533,E3,generating <*>
13764,-,1117845791,2005.06.03,R23-M1-NE-C:J03-U11,2005-06-03-17.43.11.789020,R23-M1-NE-C:J03-U11,RAS,KERNEL,INFO,generating core.607,E3,generating <*>
13773,-,1117845792,2005.06.03,R23-M1-NE-C:J08-U11,2005-06-03-17.43.12.033452,R23-M1-NE-C:J08-U11,RAS,KERNEL,INFO,generating core.526,E3,generating <*>
13772,-,1117845792,2005.06.03,R23-M1-NE-C:J16-U11,2005-06-03-17.43.12.005408,R23-M1-NE-C:J16-U11,RAS,KERNEL,INFO,generating core.524,E3,generating <*>
13799,-,1117845792,2005.06.03,R23-M1-NF-C:J17-U01,2005-06-03-17.43.12.881563,R23-M1-NF-C:J17-U01,RAS,KERNEL,INFO,generating core.528,E3,generating <*>
13798,-,1117845792,2005.06.03,R23-M1-NF-C:J15-U01,2005-06-03-17.43.12.857385,R23-M1-NF-C:J15-U01,RAS,KERNEL,INFO,generating core.592,E3,generating <*>
13797,-,1117845792,2005.06.03,R23-M1-NF-C:J07-U11,2005-06-03-17.43.12.832390,R23-M1-NF-C:J07-U11,RAS,KERNEL,INFO,generating core.602,E3,generating <*>
13796,-,1117845792,2005.06.03,R23-M1-NF-C:J03-U11,2005-06-03-17.43.12.807268,R23-M1-NF-C:J03-U11,RAS,KERNEL,INFO,generating core.603,E3,generating <*>
13795,-,1117845792,2005.06.03,R23-M1-NF-C:J05-U11,2005-06-03-17.43.12.782421,R23-M1-NF-C:J05-U11,RAS,KERNEL,INFO,generating core.539,E3,generating <*>
13794,-,1117845792,2005.06.03,R23-M1-NF-C:J03-U01,2005-06-03-17.43.12.756698,R23-M1-NF-C:J03-U01,RAS,KERNEL,INFO,generating core.595,E3,generating <*>
13793,-,1117845792,2005.06.03,R23-M1-NF-C:J05-U01,2005-06-03-17.43.12.727057,R23-M1-NF-C:J05-U01,RAS,KERNEL,INFO,generating core.531,E3,generating <*>
13792,-,1117845792,2005.06.03,R23-M1-NF-C:J17-U11,2005-06-03-17.43.12.701651,R23-M1-NF-C:J17-U11,RAS,KERNEL,INFO,generating core.536,E3,generating <*>
13791,-,1117845792,2005.06.03,R23-M1-NF-C:J13-U11,2005-06-03-17.43.12.676598,R23-M1-NF-C:J13-U11,RAS,KERNEL,INFO,generating core.537,E3,generating <*>
13790,-,1117845792,2005.06.03,R23-M1-NF-C:J11-U11,2005-06-03-17.43.12.572600,R23-M1-NF-C:J11-U11,RAS,KERNEL,INFO,generating core.601,E3,generating <*>
13783,-,1117845792,2005.06.03,R23-M1-NE-C:J04-U01,2005-06-03-17.43.12.373534,R23-M1-NE-C:J04-U01,RAS,KERNEL,INFO,generating core.519,E3,generating <*>
13782,-,1117845792,2005.06.03,R23-M1-NE-C:J08-U01,2005-06-03-17.43.12.349247,R23-M1-NE-C:J08-U01,RAS,KERNEL,INFO,generating core.518,E3,generating <*>
13781,-,1117845792,2005.06.03,R23-M1-NE-C:J12-U01,2005-06-03-17.43.12.323442,R23-M1-NE-C:J12-U01,RAS,KERNEL,INFO,generating core.517,E3,generating <*>
13780,-,1117845792,2005.06.03,R23-M1-NE-C:J10-U01,2005-06-03-17.43.12.298282,R23-M1-NE-C:J10-U01,RAS,KERNEL,INFO,generating core.581,E3,generating <*>
13779,-,1117845792,2005.06.03,R23-M1-NE-C:J16-U01,2005-06-03-17.43.12.273325,R23-M1-NE-C:J16-U01,RAS,KERNEL,INFO,generating core.516,E3,generating <*>
13778,-,1117845792,2005.06.03,R23-M1-NE-C:J14-U01,2005-06-03-17.43.12.247944,R23-M1-NE-C:J14-U01,RAS,KERNEL,INFO,generating core.580,E3,generating <*>
13777,-,1117845792,2005.06.03,R23-M1-NE-C:J12-U11,2005-06-03-17.43.12.216986,R23-M1-NE-C:J12-U11,RAS,KERNEL,INFO,generating core.525,E3,generating <*>
13776,-,1117845792,2005.06.03,R23-M1-NE-C:J06-U11,2005-06-03-17.43.12.191829,R23-M1-NE-C:J06-U11,RAS,KERNEL,INFO,generating core.590,E3,generating <*>
13775,-,1117845792,2005.06.03,R23-M1-NE-C:J10-U11,2005-06-03-17.43.12.166811,R23-M1-NE-C:J10-U11,RAS,KERNEL,INFO,generating core.589,E3,generating <*>
13774,-,1117845792,2005.06.03,R23-M1-NE-C:J14-U11,2005-06-03-17.43.12.084789,R23-M1-NE-C:J14-U11,RAS,KERNEL,INFO,generating core.588,E3,generating <*>
13802,-,1117845792,2005.06.03,R23-M1-NF-C:J13-U01,2005-06-03-17.43.12.951355,R23-M1-NF-C:J13-U01,RAS,KERNEL,INFO,generating core.529,E3,generating <*>
13803,-,1117845792,2005.06.03,R23-M1-NF-C:J09-U01,2005-06-03-17.43.12.975687,R23-M1-NF-C:J09-U01,RAS,KERNEL,INFO,generating core.530,E3,generating <*>
13784,-,1117845792,2005.06.03,R23-M1-NE-C:J06-U01,2005-06-03-17.43.12.396697,R23-M1-NE-C:J06-U01,RAS,KERNEL,INFO,generating core.582,E3,generating <*>
13785,-,1117845792,2005.06.03,R23-M1-NE-C:J04-U11,2005-06-03-17.43.12.419975,R23-M1-NE-C:J04-U11,RAS,KERNEL,INFO,generating core.527,E3,generating <*>
13800,-,1117845792,2005.06.03,R23-M1-NF-C:J11-U01,2005-06-03-17.43.12.904695,R23-M1-NF-C:J11-U01,RAS,KERNEL,INFO,generating core.593,E3,generating <*>
13801,-,1117845792,2005.06.03,R23-M1-NF-C:J07-U01,2005-06-03-17.43.12.928021,R23-M1-NF-C:J07-U01,RAS,KERNEL,INFO,generating core.594,E3,generating <*>
13786,-,1117845792,2005.06.03,R23-M1-NE-C:J02-U01,2005-06-03-17.43.12.442934,R23-M1-NE-C:J02-U01,RAS,KERNEL,INFO,generating core.583,E3,generating <*>
13787,-,1117845792,2005.06.03,R23-M1-NE-C:J02-U11,2005-06-03-17.43.12.466027,R23-M1-NE-C:J02-U11,RAS,KERNEL,INFO,generating core.591,E3,generating <*>
13788,-,1117845792,2005.06.03,R23-M1-NF-C:J09-U11,2005-06-03-17.43.12.515371,R23-M1-NF-C:J09-U11,RAS,KERNEL,INFO,generating core.538,E3,generating <*>
13789,-,1117845792,2005.06.03,R23-M1-NF-C:J15-U11,2005-06-03-17.43.12.543337,R23-M1-NF-C:J15-U11,RAS,KERNEL,INFO,generating core.600,E3,generating <*>
13817,-,1117845793,2005.06.03,R23-M1-NF-C:J04-U11,2005-06-03-17.43.13.440598,R23-M1-NF-C:J04-U11,RAS,KERNEL,INFO,generating core.523,E3,generating <*>
13823,-,1117845793,2005.06.03,R23-M1-N6-C:J13-U11,2005-06-03-17.43.13.717862,R23-M1-N6-C:J13-U11,RAS,KERNEL,INFO,generating core.573,E3,generating <*>
13822,-,1117845793,2005.06.03,R23-M1-N6-C:J11-U11,2005-06-03-17.43.13.693812,R23-M1-N6-C:J11-U11,RAS,KERNEL,INFO,generating core.637,E3,generating <*>
13825,-,1117845793,2005.06.03,R23-M1-N6-C:J05-U01,2005-06-03-17.43.13.767821,R23-M1-N6-C:J05-U01,RAS,KERNEL,INFO,generating core.567,E3,generating <*>
13826,-,1117845793,2005.06.03,R23-M1-N6-C:J03-U01,2005-06-03-17.43.13.799368,R23-M1-N6-C:J03-U01,RAS,KERNEL,INFO,generating core.631,E3,generating <*>
13827,-,1117845793,2005.06.03,R23-M1-N6-C:J05-U11,2005-06-03-17.43.13.824280,R23-M1-N6-C:J05-U11,RAS,KERNEL,INFO,generating core.575,E3,generating <*>
13824,-,1117845793,2005.06.03,R23-M1-N6-C:J17-U11,2005-06-03-17.43.13.742517,R23-M1-N6-C:J17-U11,RAS,KERNEL,INFO,generating core.572,E3,generating <*>
13816,-,1117845793,2005.06.03,R23-M1-NF-C:J06-U01,2005-06-03-17.43.13.417293,R23-M1-NF-C:J06-U01,RAS,KERNEL,INFO,generating core.578,E3,generating <*>
13821,-,1117845793,2005.06.03,R23-M1-N6-C:J15-U11,2005-06-03-17.43.13.576403,R23-M1-N6-C:J15-U11,RAS,KERNEL,INFO,generating core.636,E3,generating <*>
13820,-,1117845793,2005.06.03,R23-M1-N6-C:J09-U11,2005-06-03-17.43.13.538535,R23-M1-N6-C:J09-U11,RAS,KERNEL,INFO,generating core.574,E3,generating <*>
13829,-,1117845793,2005.06.03,R23-M1-N6-C:J07-U11,2005-06-03-17.43.13.874587,R23-M1-N6-C:J07-U11,RAS,KERNEL,INFO,generating core.638,E3,generating <*>
13828,-,1117845793,2005.06.03,R23-M1-N6-C:J03-U11,2005-06-03-17.43.13.849806,R23-M1-N6-C:J03-U11,RAS,KERNEL,INFO,generating core.639,E3,generating <*>
13805,-,1117845793,2005.06.03,R23-M1-NF-C:J08-U11,2005-06-03-17.43.13.055368,R23-M1-NF-C:J08-U11,RAS,KERNEL,INFO,generating core.522,E3,generating <*>
13804,-,1117845793,2005.06.03,R23-M1-NF-C:J16-U11,2005-06-03-17.43.13.026728,R23-M1-NF-C:J16-U11,RAS,KERNEL,INFO,generating core.520,E3,generating <*>
13831,-,1117845793,2005.06.03,R23-M1-N6-C:J17-U01,2005-06-03-17.43.13.921058,R23-M1-N6-C:J17-U01,RAS,KERNEL,INFO,generating core.564,E3,generating <*>
13830,-,1117845793,2005.06.03,R23-M1-N6-C:J15-U01,2005-06-03-17.43.13.898123,R23-M1-N6-C:J15-U01,RAS,KERNEL,INFO,generating core.628,E3,generating <*>
13814,-,1117845793,2005.06.03,R23-M1-NF-C:J08-U01,2005-06-03-17.43.13.370573,R23-M1-NF-C:J08-U01,RAS,KERNEL,INFO,generating core.514,E3,generating <*>
13832,-,1117845793,2005.06.03,R23-M1-N6-C:J11-U01,2005-06-03-17.43.13.943750,R23-M1-N6-C:J11-U01,RAS,KERNEL,INFO,generating core.629,E3,generating <*>
13819,-,1117845793,2005.06.03,R23-M1-NF-C:J02-U11,2005-06-03-17.43.13.487040,R23-M1-NF-C:J02-U11,RAS,KERNEL,INFO,generating core.587,E3,generating <*>
13818,-,1117845793,2005.06.03,R23-M1-NF-C:J02-U01,2005-06-03-17.43.13.463845,R23-M1-NF-C:J02-U01,RAS,KERNEL,INFO,generating core.579,E3,generating <*>
13833,-,1117845793,2005.06.03,R23-M1-N6-C:J07-U01,2005-06-03-17.43.13.966505,R23-M1-N6-C:J07-U01,RAS,KERNEL,INFO,generating core.630,E3,generating <*>
13834,-,1117845793,2005.06.03,R23-M1-N6-C:J13-U01,2005-06-03-17.43.13.989549,R23-M1-N6-C:J13-U01,RAS,KERNEL,INFO,generating core.565,E3,generating <*>
13815,-,1117845793,2005.06.03,R23-M1-NF-C:J04-U01,2005-06-03-17.43.13.394061,R23-M1-NF-C:J04-U01,RAS,KERNEL,INFO,generating core.515,E3,generating <*>
13806,-,1117845793,2005.06.03,R23-M1-NF-C:J14-U11,2005-06-03-17.43.13.130046,R23-M1-NF-C:J14-U11,RAS,KERNEL,INFO,generating core.584,E3,generating <*>
13810,-,1117845793,2005.06.03,R23-M1-NF-C:J14-U01,2005-06-03-17.43.13.271559,R23-M1-NF-C:J14-U01,RAS,KERNEL,INFO,generating core.576,E3,generating <*>
13807,-,1117845793,2005.06.03,R23-M1-NF-C:J10-U11,2005-06-03-17.43.13.188629,R23-M1-NF-C:J10-U11,RAS,KERNEL,INFO,generating core.585,E3,generating <*>
13808,-,1117845793,2005.06.03,R23-M1-NF-C:J06-U11,2005-06-03-17.43.13.213020,R23-M1-NF-C:J06-U11,RAS,KERNEL,INFO,generating core.586,E3,generating <*>
13809,-,1117845793,2005.06.03,R23-M1-NF-C:J12-U11,2005-06-03-17.43.13.238007,R23-M1-NF-C:J12-U11,RAS,KERNEL,INFO,generating core.521,E3,generating <*>
13812,-,1117845793,2005.06.03,R23-M1-NF-C:J10-U01,2005-06-03-17.43.13.320722,R23-M1-NF-C:J10-U01,RAS,KERNEL,INFO,generating core.577,E3,generating <*>
13811,-,1117845793,2005.06.03,R23-M1-NF-C:J16-U01,2005-06-03-17.43.13.296190,R23-M1-NF-C:J16-U01,RAS,KERNEL,INFO,generating core.512,E3,generating <*>
13813,-,1117845793,2005.06.03,R23-M1-NF-C:J12-U01,2005-06-03-17.43.13.345420,R23-M1-NF-C:J12-U01,RAS,KERNEL,INFO,generating core.513,E3,generating <*>
13850,-,1117845794,2005.06.03,R23-M1-N6-C:J02-U01,2005-06-03-17.43.14.517421,R23-M1-N6-C:J02-U01,RAS,KERNEL,INFO,generating core.615,E3,generating <*>
13838,-,1117845794,2005.06.03,R23-M1-N6-C:J14-U11,2005-06-03-17.43.14.205209,R23-M1-N6-C:J14-U11,RAS,KERNEL,INFO,generating core.620,E3,generating <*>
13864,-,1117845794,2005.06.03,R23-M1-N3-C:J11-U01,2005-06-03-17.43.14.976055,R23-M1-N3-C:J11-U01,RAS,KERNEL,INFO,generating core.881,E3,generating <*>
13848,-,1117845794,2005.06.03,R23-M1-N6-C:J06-U01,2005-06-03-17.43.14.469577,R23-M1-N6-C:J06-U01,RAS,KERNEL,INFO,generating core.614,E3,generating <*>
13851,-,1117845794,2005.06.03,R23-M1-N6-C:J02-U11,2005-06-03-17.43.14.556691,R23-M1-N6-C:J02-U11,RAS,KERNEL,INFO,generating core.623,E3,generating <*>
13852,-,1117845794,2005.06.03,R23-M1-N3-C:J09-U11,2005-06-03-17.43.14.584858,R23-M1-N3-C:J09-U11,RAS,KERNEL,INFO,generating core.826,E3,generating <*>
13853,-,1117845794,2005.06.03,R23-M1-N3-C:J15-U11,2005-06-03-17.43.14.650907,R23-M1-N3-C:J15-U11,RAS,KERNEL,INFO,generating core.888,E3,generating <*>
13849,-,1117845794,2005.06.03,R23-M1-N6-C:J04-U11,2005-06-03-17.43.14.492854,R23-M1-N6-C:J04-U11,RAS,KERNEL,INFO,generating core.559,E3,generating <*>
13845,-,1117845794,2005.06.03,R23-M1-N6-C:J12-U01,2005-06-03-17.43.14.398085,R23-M1-N6-C:J12-U01,RAS,KERNEL,INFO,generating core.549,E3,generating <*>
13846,-,1117845794,2005.06.03,R23-M1-N6-C:J08-U01,2005-06-03-17.43.14.422132,R23-M1-N6-C:J08-U01,RAS,KERNEL,INFO,generating core.550,E3,generating <*>
13847,-,1117845794,2005.06.03,R23-M1-N6-C:J04-U01,2005-06-03-17.43.14.445484,R23-M1-N6-C:J04-U01,RAS,KERNEL,INFO,generating core.551,E3,generating <*>
13840,-,1117845794,2005.06.03,R23-M1-N6-C:J06-U11,2005-06-03-17.43.14.256122,R23-M1-N6-C:J06-U11,RAS,KERNEL,INFO,generating core.622,E3,generating <*>
13839,-,1117845794,2005.06.03,R23-M1-N6-C:J10-U11,2005-06-03-17.43.14.230971,R23-M1-N6-C:J10-U11,RAS,KERNEL,INFO,generating core.621,E3,generating <*>
13842,-,1117845794,2005.06.03,R23-M1-N6-C:J14-U01,2005-06-03-17.43.14.322466,R23-M1-N6-C:J14-U01,RAS,KERNEL,INFO,generating core.612,E3,generating <*>
13843,-,1117845794,2005.06.03,R23-M1-N6-C:J16-U01,2005-06-03-17.43.14.347357,R23-M1-N6-C:J16-U01,RAS,KERNEL,INFO,generating core.548,E3,generating <*>
13844,-,1117845794,2005.06.03,R23-M1-N6-C:J10-U01,2005-06-03-17.43.14.372659,R23-M1-N6-C:J10-U01,RAS,KERNEL,INFO,generating core.613,E3,generating <*>
13841,-,1117845794,2005.06.03,R23-M1-N6-C:J12-U11,2005-06-03-17.43.14.281082,R23-M1-N6-C:J12-U11,RAS,KERNEL,INFO,generating core.557,E3,generating <*>
13862,-,1117845794,2005.06.03,R23-M1-N3-C:J15-U01,2005-06-03-17.43.14.928573,R23-M1-N3-C:J15-U01,RAS,KERNEL,INFO,generating core.880,E3,generating <*>
13863,-,1117845794,2005.06.03,R23-M1-N3-C:J17-U01,2005-06-03-17.43.14.952167,R23-M1-N3-C:J17-U01,RAS,KERNEL,INFO,generating core.816,E3,generating <*>
13836,-,1117845794,2005.06.03,R23-M1-N6-C:J16-U11,2005-06-03-17.43.14.073962,R23-M1-N6-C:J16-U11,RAS,KERNEL,INFO,generating core.556,E3,generating <*>
13835,-,1117845794,2005.06.03,R23-M1-N6-C:J09-U01,2005-06-03-17.43.14.045923,R23-M1-N6-C:J09-U01,RAS,KERNEL,INFO,generating core.566,E3,generating <*>
13837,-,1117845794,2005.06.03,R23-M1-N6-C:J08-U11,2005-06-03-17.43.14.127853,R23-M1-N6-C:J08-U11,RAS,KERNEL,INFO,generating core.558,E3,generating <*>
13861,-,1117845794,2005.06.03,R23-M1-N3-C:J07-U11,2005-06-03-17.43.14.904323,R23-M1-N3-C:J07-U11,RAS,KERNEL,INFO,generating core.890,E3,generating <*>
13860,-,1117845794,2005.06.03,R23-M1-N3-C:J03-U11,2005-06-03-17.43.14.878885,R23-M1-N3-C:J03-U11,RAS,KERNEL,INFO,generating core.891,E3,generating <*>
13854,-,1117845794,2005.06.03,R23-M1-N3-C:J11-U11,2005-06-03-17.43.14.722039,R23-M1-N3-C:J11-U11,RAS,KERNEL,INFO,generating core.889,E3,generating <*>
13857,-,1117845794,2005.06.03,R23-M1-N3-C:J05-U01,2005-06-03-17.43.14.796554,R23-M1-N3-C:J05-U01,RAS,KERNEL,INFO,generating core.819,E3,generating <*>
13856,-,1117845794,2005.06.03,R23-M1-N3-C:J17-U11,2005-06-03-17.43.14.771824,R23-M1-N3-C:J17-U11,RAS,KERNEL,INFO,generating core.824,E3,generating <*>
13859,-,1117845794,2005.06.03,R23-M1-N3-C:J05-U11,2005-06-03-17.43.14.853738,R23-M1-N3-C:J05-U11,RAS,KERNEL,INFO,generating core.827,E3,generating <*>
13858,-,1117845794,2005.06.03,R23-M1-N3-C:J03-U01,2005-06-03-17.43.14.828646,R23-M1-N3-C:J03-U01,RAS,KERNEL,INFO,generating core.883,E3,generating <*>
13855,-,1117845794,2005.06.03,R23-M1-N3-C:J13-U11,2005-06-03-17.43.14.747044,R23-M1-N3-C:J13-U11,RAS,KERNEL,INFO,generating core.825,E3,generating <*>
13876,-,1117845795,2005.06.03,R23-M1-N3-C:J10-U01,2005-06-03-17.43.15.393670,R23-M1-N3-C:J10-U01,RAS,KERNEL,INFO,generating core.865,E3,generating <*>
13889,-,1117845795,2005.06.03,R22-M1-N8-C:J05-U01,2005-06-03-17.43.15.809198,R22-M1-N8-C:J05-U01,RAS,KERNEL,INFO,generating core.407,E3,generating <*>
13877,-,1117845795,2005.06.03,R23-M1-N3-C:J12-U01,2005-06-03-17.43.15.418087,R23-M1-N3-C:J12-U01,RAS,KERNEL,INFO,generating core.801,E3,generating <*>
13874,-,1117845795,2005.06.03,R23-M1-N3-C:J14-U01,2005-06-03-17.43.15.344851,R23-M1-N3-C:J14-U01,RAS,KERNEL,INFO,generating core.864,E3,generating <*>
13875,-,1117845795,2005.06.03,R23-M1-N3-C:J16-U01,2005-06-03-17.43.15.369212,R23-M1-N3-C:J16-U01,RAS,KERNEL,INFO,generating core.800,E3,generating <*>
13870,-,1117845795,2005.06.03,R23-M1-N3-C:J14-U11,2005-06-03-17.43.15.225434,R23-M1-N3-C:J14-U11,RAS,KERNEL,INFO,generating core.872,E3,generating <*>
13871,-,1117845795,2005.06.03,R23-M1-N3-C:J10-U11,2005-06-03-17.43.15.261718,R23-M1-N3-C:J10-U11,RAS,KERNEL,INFO,generating core.873,E3,generating <*>
13882,-,1117845795,2005.06.03,R23-M1-N3-C:J02-U01,2005-06-03-17.43.15.533550,R23-M1-N3-C:J02-U01,RAS,KERNEL,INFO,generating core.867,E3,generating <*>
13883,-,1117845795,2005.06.03,R23-M1-N3-C:J02-U11,2005-06-03-17.43.15.574990,R23-M1-N3-C:J02-U11,RAS,KERNEL,INFO,generating core.875,E3,generating <*>
13884,-,1117845795,2005.06.03,R22-M1-N8-C:J09-U11,2005-06-03-17.43.15.602767,R22-M1-N8-C:J09-U11,RAS,KERNEL,INFO,generating core.414,E3,generating <*>
13878,-,1117845795,2005.06.03,R23-M1-N3-C:J08-U01,2005-06-03-17.43.15.441094,R23-M1-N3-C:J08-U01,RAS,KERNEL,INFO,generating core.802,E3,generating <*>
13885,-,1117845795,2005.06.03,R22-M1-N8-C:J15-U11,2005-06-03-17.43.15.631237,R22-M1-N8-C:J15-U11,RAS,KERNEL,INFO,generating core.476,E3,generating <*>
13888,-,1117845795,2005.06.03,R22-M1-N8-C:J17-U11,2005-06-03-17.43.15.784736,R22-M1-N8-C:J17-U11,RAS,KERNEL,INFO,generating core.412,E3,generating <*>
13886,-,1117845795,2005.06.03,R22-M1-N8-C:J11-U11,2005-06-03-17.43.15.735934,R22-M1-N8-C:J11-U11,RAS,KERNEL,INFO,generating core.477,E3,generating <*>
13887,-,1117845795,2005.06.03,R22-M1-N8-C:J13-U11,2005-06-03-17.43.15.760368,R22-M1-N8-C:J13-U11,RAS,KERNEL,INFO,generating core.413,E3,generating <*>
13890,-,1117845795,2005.06.03,R22-M1-N8-C:J03-U01,2005-06-03-17.43.15.838885,R22-M1-N8-C:J03-U01,RAS,KERNEL,INFO,generating core.471,E3,generating <*>
13891,-,1117845795,2005.06.03,R22-M1-N8-C:J05-U11,2005-06-03-17.43.15.863718,R22-M1-N8-C:J05-U11,RAS,KERNEL,INFO,generating core.415,E3,generating <*>
13879,-,1117845795,2005.06.03,R23-M1-N3-C:J04-U01,2005-06-03-17.43.15.464023,R23-M1-N3-C:J04-U01,RAS,KERNEL,INFO,generating core.803,E3,generating <*>
13869,-,1117845795,2005.06.03,R23-M1-N3-C:J08-U11,2005-06-03-17.43.15.122276,R23-M1-N3-C:J08-U11,RAS,KERNEL,INFO,generating core.810,E3,generating <*>
13873,-,1117845795,2005.06.03,R23-M1-N3-C:J12-U11,2005-06-03-17.43.15.311022,R23-M1-N3-C:J12-U11,RAS,KERNEL,INFO,generating core.809,E3,generating <*>
13872,-,1117845795,2005.06.03,R23-M1-N3-C:J06-U11,2005-06-03-17.43.15.286218,R23-M1-N3-C:J06-U11,RAS,KERNEL,INFO,generating core.874,E3,generating <*>
13881,-,1117845795,2005.06.03,R23-M1-N3-C:J04-U11,2005-06-03-17.43.15.510026,R23-M1-N3-C:J04-U11,RAS,KERNEL,INFO,generating core.811,E3,generating <*>
13880,-,1117845795,2005.06.03,R23-M1-N3-C:J06-U01,2005-06-03-17.43.15.487028,R23-M1-N3-C:J06-U01,RAS,KERNEL,INFO,generating core.866,E3,generating <*>
13866,-,1117845795,2005.06.03,R23-M1-N3-C:J13-U01,2005-06-03-17.43.15.025454,R23-M1-N3-C:J13-U01,RAS,KERNEL,INFO,generating core.817,E3,generating <*>
13865,-,1117845795,2005.06.03,R23-M1-N3-C:J07-U01,2005-06-03-17.43.15.000034,R23-M1-N3-C:J07-U01,RAS,KERNEL,INFO,generating core.882,E3,generating <*>
13892,-,1117845795,2005.06.03,R22-M1-N8-C:J03-U11,2005-06-03-17.43.15.894661,R22-M1-N8-C:J03-U11,RAS,KERNEL,INFO,generating core.479,E3,generating <*>
13893,-,1117845795,2005.06.03,R22-M1-N8-C:J07-U11,2005-06-03-17.43.15.919280,R22-M1-N8-C:J07-U11,RAS,KERNEL,INFO,generating core.478,E3,generating <*>
13867,-,1117845795,2005.06.03,R23-M1-N3-C:J09-U01,2005-06-03-17.43.15.064612,R23-M1-N3-C:J09-U01,RAS,KERNEL,INFO,generating core.818,E3,generating <*>
13868,-,1117845795,2005.06.03,R23-M1-N3-C:J16-U11,2005-06-03-17.43.15.092906,R23-M1-N3-C:J16-U11,RAS,KERNEL,INFO,generating core.808,E3,generating <*>
13919,-,1117845796,2005.06.03,R22-M1-N0-C:J13-U11,2005-06-03-17.43.16.881156,R22-M1-N0-C:J13-U11,RAS,KERNEL,INFO,generating core.445,E3,generating <*>
13922,-,1117845796,2005.06.03,R22-M1-N0-C:J03-U01,2005-06-03-17.43.16.959456,R22-M1-N0-C:J03-U01,RAS,KERNEL,INFO,generating core.503,E3,generating <*>
13901,-,1117845796,2005.06.03,R22-M1-N8-C:J08-U11,2005-06-03-17.43.16.319898,R22-M1-N8-C:J08-U11,RAS,KERNEL,INFO,generating core.398,E3,generating <*>
13900,-,1117845796,2005.06.03,R22-M1-N8-C:J16-U11,2005-06-03-17.43.16.295321,R22-M1-N8-C:J16-U11,RAS,KERNEL,INFO,generating core.396,E3,generating <*>
13899,-,1117845796,2005.06.03,R22-M1-N8-C:J09-U01,2005-06-03-17.43.16.270881,R22-M1-N8-C:J09-U01,RAS,KERNEL,INFO,generating core.406,E3,generating <*>
13898,-,1117845796,2005.06.03,R22-M1-N8-C:J13-U01,2005-06-03-17.43.16.246715,R22-M1-N8-C:J13-U01,RAS,KERNEL,INFO,generating core.405,E3,generating <*>
13917,-,1117845796,2005.06.03,R22-M1-N0-C:J15-U11,2005-06-03-17.43.16.829795,R22-M1-N0-C:J15-U11,RAS,KERNEL,INFO,generating core.508,E3,generating <*>
13916,-,1117845796,2005.06.03,R22-M1-N0-C:J09-U11,2005-06-03-17.43.16.804960,R22-M1-N0-C:J09-U11,RAS,KERNEL,INFO,generating core.446,E3,generating <*>
13915,-,1117845796,2005.06.03,R22-M1-N8-C:J02-U11,2005-06-03-17.43.16.780040,R22-M1-N8-C:J02-U11,RAS,KERNEL,INFO,generating core.463,E3,generating <*>
13914,-,1117845796,2005.06.03,R22-M1-N8-C:J02-U01,2005-06-03-17.43.16.754224,R22-M1-N8-C:J02-U01,RAS,KERNEL,INFO,generating core.455,E3,generating <*>
13903,-,1117845796,2005.06.03,R22-M1-N8-C:J10-U11,2005-06-03-17.43.16.371515,R22-M1-N8-C:J10-U11,RAS,KERNEL,INFO,generating core.461,E3,generating <*>
13904,-,1117845796,2005.06.03,R22-M1-N8-C:J06-U11,2005-06-03-17.43.16.396021,R22-M1-N8-C:J06-U11,RAS,KERNEL,INFO,generating core.462,E3,generating <*>
13909,-,1117845796,2005.06.03,R22-M1-N8-C:J12-U01,2005-06-03-17.43.16.519758,R22-M1-N8-C:J12-U01,RAS,KERNEL,INFO,generating core.389,E3,generating <*>
13910,-,1117845796,2005.06.03,R22-M1-N8-C:J08-U01,2005-06-03-17.43.16.542859,R22-M1-N8-C:J08-U01,RAS,KERNEL,INFO,generating core.390,E3,generating <*>
13911,-,1117845796,2005.06.03,R22-M1-N8-C:J04-U01,2005-06-03-17.43.16.594193,R22-M1-N8-C:J04-U01,RAS,KERNEL,INFO,generating core.391,E3,generating <*>
13918,-,1117845796,2005.06.03,R22-M1-N0-C:J11-U11,2005-06-03-17.43.16.855593,R22-M1-N0-C:J11-U11,RAS,KERNEL,INFO,generating core.509,E3,generating <*>
13905,-,1117845796,2005.06.03,R22-M1-N8-C:J12-U11,2005-06-03-17.43.16.420708,R22-M1-N8-C:J12-U11,RAS,KERNEL,INFO,generating core.397,E3,generating <*>
13906,-,1117845796,2005.06.03,R22-M1-N8-C:J14-U01,2005-06-03-17.43.16.450775,R22-M1-N8-C:J14-U01,RAS,KERNEL,INFO,generating core.452,E3,generating <*>
13907,-,1117845796,2005.06.03,R22-M1-N8-C:J16-U01,2005-06-03-17.43.16.473875,R22-M1-N8-C:J16-U01,RAS,KERNEL,INFO,generating core.388,E3,generating <*>
13908,-,1117845796,2005.06.03,R22-M1-N8-C:J10-U01,2005-06-03-17.43.16.496738,R22-M1-N8-C:J10-U01,RAS,KERNEL,INFO,generating core.453,E3,generating <*>
13895,-,1117845796,2005.06.03,R22-M1-N8-C:J17-U01,2005-06-03-17.43.16.085294,R22-M1-N8-C:J17-U01,RAS,KERNEL,INFO,generating core.404,E3,generating <*>
13913,-,1117845796,2005.06.03,R22-M1-N8-C:J04-U11,2005-06-03-17.43.16.652217,R22-M1-N8-C:J04-U11,RAS,KERNEL,INFO,generating core.399,E3,generating <*>
13923,-,1117845796,2005.06.03,R22-M1-N0-C:J05-U11,2005-06-03-17.43.16.983349,R22-M1-N0-C:J05-U11,RAS,KERNEL,INFO,generating core.447,E3,generating <*>
13920,-,1117845796,2005.06.03,R22-M1-N0-C:J17-U11,2005-06-03-17.43.16.906028,R22-M1-N0-C:J17-U11,RAS,KERNEL,INFO,generating core.444,E3,generating <*>
13897,-,1117845796,2005.06.03,R22-M1-N8-C:J07-U01,2005-06-03-17.43.16.142825,R22-M1-N8-C:J07-U01,RAS,KERNEL,INFO,generating core.470,E3,generating <*>
13896,-,1117845796,2005.06.03,R22-M1-N8-C:J11-U01,2005-06-03-17.43.16.113215,R22-M1-N8-C:J11-U01,RAS,KERNEL,INFO,generating core.469,E3,generating <*>
13912,-,1117845796,2005.06.03,R22-M1-N8-C:J06-U01,2005-06-03-17.43.16.621849,R22-M1-N8-C:J06-U01,RAS,KERNEL,INFO,generating core.454,E3,generating <*>
13921,-,1117845796,2005.06.03,R22-M1-N0-C:J05-U01,2005-06-03-17.43.16.930653,R22-M1-N0-C:J05-U01,RAS,KERNEL,INFO,generating core.439,E3,generating <*>
13902,-,1117845796,2005.06.03,R22-M1-N8-C:J14-U11,2005-06-03-17.43.16.346045,R22-M1-N8-C:J14-U11,RAS,KERNEL,INFO,generating core.460,E3,generating <*>
13894,-,1117845796,2005.06.03,R22-M1-N8-C:J15-U01,2005-06-03-17.43.16.039635,R22-M1-N8-C:J15-U01,RAS,KERNEL,INFO,generating core.468,E3,generating <*>
13938,-,1117845797,2005.06.03,R22-M1-N0-C:J14-U01,2005-06-03-17.43.17.470659,R22-M1-N0-C:J14-U01,RAS,KERNEL,INFO,generating core.484,E3,generating <*>
13941,-,1117845797,2005.06.03,R22-M1-N0-C:J12-U01,2005-06-03-17.43.17.542641,R22-M1-N0-C:J12-U01,RAS,KERNEL,INFO,generating core.421,E3,generating <*>
13940,-,1117845797,2005.06.03,R22-M1-N0-C:J10-U01,2005-06-03-17.43.17.519731,R22-M1-N0-C:J10-U01,RAS,KERNEL,INFO,generating core.485,E3,generating <*>
13939,-,1117845797,2005.06.03,R22-M1-N0-C:J16-U01,2005-06-03-17.43.17.496701,R22-M1-N0-C:J16-U01,RAS,KERNEL,INFO,generating core.420,E3,generating <*>
13936,-,1117845797,2005.06.03,R22-M1-N0-C:J06-U11,2005-06-03-17.43.17.416073,R22-M1-N0-C:J06-U11,RAS,KERNEL,INFO,generating core.494,E3,generating <*>
13937,-,1117845797,2005.06.03,R22-M1-N0-C:J12-U11,2005-06-03-17.43.17.440653,R22-M1-N0-C:J12-U11,RAS,KERNEL,INFO,generating core.429,E3,generating <*>
13950,-,1117845797,2005.06.03,R22-M1-NC-C:J11-U11,2005-06-03-17.43.17.875185,R22-M1-NC-C:J11-U11,RAS,KERNEL,INFO,generating core.221,E3,generating <*>
13943,-,1117845797,2005.06.03,R22-M1-N0-C:J04-U01,2005-06-03-17.43.17.614979,R22-M1-N0-C:J04-U01,RAS,KERNEL,INFO,generating core.423,E3,generating <*>
13933,-,1117845797,2005.06.03,R22-M1-N0-C:J08-U11,2005-06-03-17.43.17.341265,R22-M1-N0-C:J08-U11,RAS,KERNEL,INFO,generating core.430,E3,generating <*>
13932,-,1117845797,2005.06.03,R22-M1-N0-C:J16-U11,2005-06-03-17.43.17.316903,R22-M1-N0-C:J16-U11,RAS,KERNEL,INFO,generating core.428,E3,generating <*>
13931,-,1117845797,2005.06.03,R22-M1-N0-C:J09-U01,2005-06-03-17.43.17.292293,R22-M1-N0-C:J09-U01,RAS,KERNEL,INFO,generating core.438,E3,generating <*>
13930,-,1117845797,2005.06.03,R22-M1-N0-C:J13-U01,2005-06-03-17.43.17.266985,R22-M1-N0-C:J13-U01,RAS,KERNEL,INFO,generating core.437,E3,generating <*>
13928,-,1117845797,2005.06.03,R22-M1-N0-C:J11-U01,2005-06-03-17.43.17.131230,R22-M1-N0-C:J11-U01,RAS,KERNEL,INFO,generating core.501,E3,generating <*>
13929,-,1117845797,2005.06.03,R22-M1-N0-C:J07-U01,2005-06-03-17.43.17.160573,R22-M1-N0-C:J07-U01,RAS,KERNEL,INFO,generating core.502,E3,generating <*>
13952,-,1117845797,2005.06.03,R22-M1-NC-C:J17-U11,2005-06-03-17.43.17.924701,R22-M1-NC-C:J17-U11,RAS,KERNEL,INFO,generating core.156,E3,generating <*>
13951,-,1117845797,2005.06.03,R22-M1-NC-C:J13-U11,2005-06-03-17.43.17.900060,R22-M1-NC-C:J13-U11,RAS,KERNEL,INFO,generating core.157,E3,generating <*>
13953,-,1117845797,2005.06.03,R22-M1-NC-C:J05-U01,2005-06-03-17.43.17.949136,R22-M1-NC-C:J05-U01,RAS,KERNEL,INFO,generating core.151,E3,generating <*>
13954,-,1117845797,2005.06.03,R22-M1-NC-C:J03-U01,2005-06-03-17.43.17.977285,R22-M1-NC-C:J03-U01,RAS,KERNEL,INFO,generating core.215,E3,generating <*>
13945,-,1117845797,2005.06.03,R22-M1-N0-C:J04-U11,2005-06-03-17.43.17.672557,R22-M1-N0-C:J04-U11,RAS,KERNEL,INFO,generating core.431,E3,generating <*>
13944,-,1117845797,2005.06.03,R22-M1-N0-C:J06-U01,2005-06-03-17.43.17.642629,R22-M1-N0-C:J06-U01,RAS,KERNEL,INFO,generating core.486,E3,generating <*>
13946,-,1117845797,2005.06.03,R22-M1-N0-C:J02-U01,2005-06-03-17.43.17.775789,R22-M1-N0-C:J02-U01,RAS,KERNEL,INFO,generating core.487,E3,generating <*>
13947,-,1117845797,2005.06.03,R22-M1-N0-C:J02-U11,2005-06-03-17.43.17.800576,R22-M1-N0-C:J02-U11,RAS,KERNEL,INFO,generating core.495,E3,generating <*>
13948,-,1117845797,2005.06.03,R22-M1-NC-C:J09-U11,2005-06-03-17.43.17.825323,R22-M1-NC-C:J09-U11,RAS,KERNEL,INFO,generating core.158,E3,generating <*>
13935,-,1117845797,2005.06.03,R22-M1-N0-C:J10-U11,2005-06-03-17.43.17.391419,R22-M1-N0-C:J10-U11,RAS,KERNEL,INFO,generating core.493,E3,generating <*>
13942,-,1117845797,2005.06.03,R22-M1-N0-C:J08-U01,2005-06-03-17.43.17.566113,R22-M1-N0-C:J08-U01,RAS,KERNEL,INFO,generating core.422,E3,generating <*>
13925,-,1117845797,2005.06.03,R22-M1-N0-C:J07-U11,2005-06-03-17.43.17.029828,R22-M1-N0-C:J07-U11,RAS,KERNEL,INFO,generating core.510,E3,generating <*>
13924,-,1117845797,2005.06.03,R22-M1-N0-C:J03-U11,2005-06-03-17.43.17.006426,R22-M1-N0-C:J03-U11,RAS,KERNEL,INFO,generating core.511,E3,generating <*>
13927,-,1117845797,2005.06.03,R22-M1-N0-C:J17-U01,2005-06-03-17.43.17.103329,R22-M1-N0-C:J17-U01,RAS,KERNEL,INFO,generating core.436,E3,generating <*>
13934,-,1117845797,2005.06.03,R22-M1-N0-C:J14-U11,2005-06-03-17.43.17.366702,R22-M1-N0-C:J14-U11,RAS,KERNEL,INFO,generating core.492,E3,generating <*>
13926,-,1117845797,2005.06.03,R22-M1-N0-C:J15-U01,2005-06-03-17.43.17.062773,R22-M1-N0-C:J15-U01,RAS,KERNEL,INFO,generating core.500,E3,generating <*>
13949,-,1117845797,2005.06.03,R22-M1-NC-C:J15-U11,2005-06-03-17.43.17.849882,R22-M1-NC-C:J15-U11,RAS,KERNEL,INFO,generating core.220,E3,generating <*>
13982,-,1117845798,2005.06.03,R23-M1-NC-C:J11-U11,2005-06-03-17.43.18.901021,R23-M1-NC-C:J11-U11,RAS,KERNEL,INFO,generating core.733,E3,generating <*>
13974,-,1117845798,2005.06.03,R22-M1-NC-C:J08-U01,2005-06-03-17.43.18.589289,R22-M1-NC-C:J08-U01,RAS,KERNEL,INFO,generating core.134,E3,generating <*>
13973,-,1117845798,2005.06.03,R22-M1-NC-C:J12-U01,2005-06-03-17.43.18.565113,R22-M1-NC-C:J12-U01,RAS,KERNEL,INFO,generating core.133,E3,generating <*>
13972,-,1117845798,2005.06.03,R22-M1-NC-C:J10-U01,2005-06-03-17.43.18.541031,R22-M1-NC-C:J10-U01,RAS,KERNEL,INFO,generating core.197,E3,generating <*>
13971,-,1117845798,2005.06.03,R22-M1-NC-C:J16-U01,2005-06-03-17.43.18.517158,R22-M1-NC-C:J16-U01,RAS,KERNEL,INFO,generating core.132,E3,generating <*>
13970,-,1117845798,2005.06.03,R22-M1-NC-C:J14-U01,2005-06-03-17.43.18.493749,R22-M1-NC-C:J14-U01,RAS,KERNEL,INFO,generating core.196,E3,generating <*>
13969,-,1117845798,2005.06.03,R22-M1-NC-C:J12-U11,2005-06-03-17.43.18.461015,R22-M1-NC-C:J12-U11,RAS,KERNEL,INFO,generating core.141,E3,generating <*>
13968,-,1117845798,2005.06.03,R22-M1-NC-C:J06-U11,2005-06-03-17.43.18.436582,R22-M1-NC-C:J06-U11,RAS,KERNEL,INFO,generating core.206,E3,generating <*>
13975,-,1117845798,2005.06.03,R22-M1-NC-C:J04-U01,2005-06-03-17.43.18.635251,R22-M1-NC-C:J04-U01,RAS,KERNEL,INFO,generating core.135,E3,generating <*>
13977,-,1117845798,2005.06.03,R22-M1-NC-C:J04-U11,2005-06-03-17.43.18.713603,R22-M1-NC-C:J04-U11,RAS,KERNEL,INFO,generating core.143,E3,generating <*>
13985,-,1117845798,2005.06.03,R23-M1-NC-C:J05-U01,2005-06-03-17.43.18.976984,R23-M1-NC-C:J05-U01,RAS,KERNEL,INFO,generating core.663,E3,generating <*>
13983,-,1117845798,2005.06.03,R23-M1-NC-C:J13-U11,2005-06-03-17.43.18.926378,R23-M1-NC-C:J13-U11,RAS,KERNEL,INFO,generating core.669,E3,generating <*>
13984,-,1117845798,2005.06.03,R23-M1-NC-C:J17-U11,2005-06-03-17.43.18.951578,R23-M1-NC-C:J17-U11,RAS,KERNEL,INFO,generating core.668,E3,generating <*>
13980,-,1117845798,2005.06.03,R23-M1-NC-C:J09-U11,2005-06-03-17.43.18.849745,R23-M1-NC-C:J09-U11,RAS,KERNEL,INFO,generating core.670,E3,generating <*>
13979,-,1117845798,2005.06.03,R22-M1-NC-C:J02-U11,2005-06-03-17.43.18.824539,R22-M1-NC-C:J02-U11,RAS,KERNEL,INFO,generating core.207,E3,generating <*>
13978,-,1117845798,2005.06.03,R22-M1-NC-C:J02-U01,2005-06-03-17.43.18.800083,R22-M1-NC-C:J02-U01,RAS,KERNEL,INFO,generating core.199,E3,generating <*>
13981,-,1117845798,2005.06.03,R23-M1-NC-C:J15-U11,2005-06-03-17.43.18.874664,R23-M1-NC-C:J15-U11,RAS,KERNEL,INFO,generating core.732,E3,generating <*>
13963,-,1117845798,2005.06.03,R22-M1-NC-C:J09-U01,2005-06-03-17.43.18.309060,R22-M1-NC-C:J09-U01,RAS,KERNEL,INFO,generating core.150,E3,generating <*>
13976,-,1117845798,2005.06.03,R22-M1-NC-C:J06-U01,2005-06-03-17.43.18.663737,R22-M1-NC-C:J06-U01,RAS,KERNEL,INFO,generating core.198,E3,generating <*>
13964,-,1117845798,2005.06.03,R22-M1-NC-C:J16-U11,2005-06-03-17.43.18.334755,R22-M1-NC-C:J16-U11,RAS,KERNEL,INFO,generating core.140,E3,generating <*>
13965,-,1117845798,2005.06.03,R22-M1-NC-C:J08-U11,2005-06-03-17.43.18.360209,R22-M1-NC-C:J08-U11,RAS,KERNEL,INFO,generating core.142,E3,generating <*>
13961,-,1117845798,2005.06.03,R22-M1-NC-C:J07-U01,2005-06-03-17.43.18.179758,R22-M1-NC-C:J07-U01,RAS,KERNEL,INFO,generating core.214,E3,generating <*>
13962,-,1117845798,2005.06.03,R22-M1-NC-C:J13-U01,2005-06-03-17.43.18.282650,R22-M1-NC-C:J13-U01,RAS,KERNEL,INFO,generating core.149,E3,generating <*>
13960,-,1117845798,2005.06.03,R22-M1-NC-C:J11-U01,2005-06-03-17.43.18.151643,R22-M1-NC-C:J11-U01,RAS,KERNEL,INFO,generating core.213,E3,generating <*>
13967,-,1117845798,2005.06.03,R22-M1-NC-C:J10-U11,2005-06-03-17.43.18.411655,R22-M1-NC-C:J10-U11,RAS,KERNEL,INFO,generating core.205,E3,generating <*>
13958,-,1117845798,2005.06.03,R22-M1-NC-C:J15-U01,2005-06-03-17.43.18.069567,R22-M1-NC-C:J15-U01,RAS,KERNEL,INFO,generating core.212,E3,generating <*>
13957,-,1117845798,2005.06.03,R22-M1-NC-C:J07-U11,2005-06-03-17.43.18.046339,R22-M1-NC-C:J07-U11,RAS,KERNEL,INFO,generating core.222,E3,generating <*>
13956,-,1117845798,2005.06.03,R22-M1-NC-C:J03-U11,2005-06-03-17.43.18.023274,R22-M1-NC-C:J03-U11,RAS,KERNEL,INFO,generating core.223,E3,generating <*>
13955,-,1117845798,2005.06.03,R22-M1-NC-C:J05-U11,2005-06-03-17.43.18.000525,R22-M1-NC-C:J05-U11,RAS,KERNEL,INFO,generating core.159,E3,generating <*>
13966,-,1117845798,2005.06.03,R22-M1-NC-C:J14-U11,2005-06-03-17.43.18.386018,R22-M1-NC-C:J14-U11,RAS,KERNEL,INFO,generating core.204,E3,generating <*>
13959,-,1117845798,2005.06.03,R22-M1-NC-C:J17-U01,2005-06-03-17.43.18.124033,R22-M1-NC-C:J17-U01,RAS,KERNEL,INFO,generating core.148,E3,generating <*>
14016,-,1117845799,2005.06.03,R22-M1-N4-C:J17-U11,2005-06-03-17.43.19.994107,R22-M1-N4-C:J17-U11,RAS,KERNEL,INFO,generating core.188,E3,generating <*>
13996,-,1117845799,2005.06.03,R23-M1-NC-C:J16-U11,2005-06-03-17.43.19.360819,R23-M1-NC-C:J16-U11,RAS,KERNEL,INFO,generating core.652,E3,generating <*>
13995,-,1117845799,2005.06.03,R23-M1-NC-C:J09-U01,2005-06-03-17.43.19.336163,R23-M1-NC-C:J09-U01,RAS,KERNEL,INFO,generating core.662,E3,generating <*>
13994,-,1117845799,2005.06.03,R23-M1-NC-C:J13-U01,2005-06-03-17.43.19.311126,R23-M1-NC-C:J13-U01,RAS,KERNEL,INFO,generating core.661,E3,generating <*>
13993,-,1117845799,2005.06.03,R23-M1-NC-C:J07-U01,2005-06-03-17.43.19.203024,R23-M1-NC-C:J07-U01,RAS,KERNEL,INFO,generating core.726,E3,generating <*>
13992,-,1117845799,2005.06.03,R23-M1-NC-C:J11-U01,2005-06-03-17.43.19.173180,R23-M1-NC-C:J11-U01,RAS,KERNEL,INFO,generating core.725,E3,generating <*>
14014,-,1117845799,2005.06.03,R22-M1-N4-C:J11-U11,2005-06-03-17.43.19.945039,R22-M1-N4-C:J11-U11,RAS,KERNEL,INFO,generating core.253,E3,generating <*>
13997,-,1117845799,2005.06.03,R23-M1-NC-C:J08-U11,2005-06-03-17.43.19.385755,R23-M1-NC-C:J08-U11,RAS,KERNEL,INFO,generating core.654,E3,generating <*>
14015,-,1117845799,2005.06.03,R22-M1-N4-C:J13-U11,2005-06-03-17.43.19.969587,R22-M1-N4-C:J13-U11,RAS,KERNEL,INFO,generating core.189,E3,generating <*>
14010,-,1117845799,2005.06.03,R23-M1-NC-C:J02-U01,2005-06-03-17.43.19.845531,R23-M1-NC-C:J02-U01,RAS,KERNEL,INFO,generating core.711,E3,generating <*>
14009,-,1117845799,2005.06.03,R23-M1-NC-C:J04-U11,2005-06-03-17.43.19.820569,R23-M1-NC-C:J04-U11,RAS,KERNEL,INFO,generating core.655,E3,generating <*>
14008,-,1117845799,2005.06.03,R23-M1-NC-C:J06-U01,2005-06-03-17.43.19.688839,R23-M1-NC-C:J06-U01,RAS,KERNEL,INFO,generating core.710,E3,generating <*>
14011,-,1117845799,2005.06.03,R23-M1-NC-C:J02-U11,2005-06-03-17.43.19.870471,R23-M1-NC-C:J02-U11,RAS,KERNEL,INFO,generating core.719,E3,generating <*>
14012,-,1117845799,2005.06.03,R22-M1-N4-C:J09-U11,2005-06-03-17.43.19.895161,R22-M1-N4-C:J09-U11,RAS,KERNEL,INFO,generating core.190,E3,generating <*>
14013,-,1117845799,2005.06.03,R22-M1-N4-C:J15-U11,2005-06-03-17.43.19.920404,R22-M1-N4-C:J15-U11,RAS,KERNEL,INFO,generating core.252,E3,generating <*>
13998,-,1117845799,2005.06.03,R23-M1-NC-C:J14-U11,2005-06-03-17.43.19.411725,R23-M1-NC-C:J14-U11,RAS,KERNEL,INFO,generating core.716,E3,generating <*>
13988,-,1117845799,2005.06.03,R23-M1-NC-C:J03-U11,2005-06-03-17.43.19.055916,R23-M1-NC-C:J03-U11,RAS,KERNEL,INFO,generating core.735,E3,generating <*>
13987,-,1117845799,2005.06.03,R23-M1-NC-C:J05-U11,2005-06-03-17.43.19.031090,R23-M1-NC-C:J05-U11,RAS,KERNEL,INFO,generating core.671,E3,generating <*>
13986,-,1117845799,2005.06.03,R23-M1-NC-C:J03-U01,2005-06-03-17.43.19.006936,R23-M1-NC-C:J03-U01,RAS,KERNEL,INFO,generating core.727,E3,generating <*>
14002,-,1117845799,2005.06.03,R23-M1-NC-C:J14-U01,2005-06-03-17.43.19.522164,R23-M1-NC-C:J14-U01,RAS,KERNEL,INFO,generating core.708,E3,generating <*>
13999,-,1117845799,2005.06.03,R23-M1-NC-C:J10-U11,2005-06-03-17.43.19.438665,R23-M1-NC-C:J10-U11,RAS,KERNEL,INFO,generating core.717,E3,generating <*>
14001,-,1117845799,2005.06.03,R23-M1-NC-C:J12-U11,2005-06-03-17.43.19.490127,R23-M1-NC-C:J12-U11,RAS,KERNEL,INFO,generating core.653,E3,generating <*>
14000,-,1117845799,2005.06.03,R23-M1-NC-C:J06-U11,2005-06-03-17.43.19.464316,R23-M1-NC-C:J06-U11,RAS,KERNEL,INFO,generating core.718,E3,generating <*>
13989,-,1117845799,2005.06.03,R23-M1-NC-C:J07-U11,2005-06-03-17.43.19.079925,R23-M1-NC-C:J07-U11,RAS,KERNEL,INFO,generating core.734,E3,generating <*>
14006,-,1117845799,2005.06.03,R23-M1-NC-C:J08-U01,2005-06-03-17.43.19.631597,R23-M1-NC-C:J08-U01,RAS,KERNEL,INFO,generating core.646,E3,generating <*>
14005,-,1117845799,2005.06.03,R23-M1-NC-C:J12-U01,2005-06-03-17.43.19.594095,R23-M1-NC-C:J12-U01,RAS,KERNEL,INFO,generating core.645,E3,generating <*>
14004,-,1117845799,2005.06.03,R23-M1-NC-C:J10-U01,2005-06-03-17.43.19.570314,R23-M1-NC-C:J10-U01,RAS,KERNEL,INFO,generating core.709,E3,generating <*>
14003,-,1117845799,2005.06.03,R23-M1-NC-C:J16-U01,2005-06-03-17.43.19.546503,R23-M1-NC-C:J16-U01,RAS,KERNEL,INFO,generating core.644,E3,generating <*>
14007,-,1117845799,2005.06.03,R23-M1-NC-C:J04-U01,2005-06-03-17.43.19.660374,R23-M1-NC-C:J04-U01,RAS,KERNEL,INFO,generating core.647,E3,generating <*>
13990,-,1117845799,2005.06.03,R23-M1-NC-C:J15-U01,2005-06-03-17.43.19.103809,R23-M1-NC-C:J15-U01,RAS,KERNEL,INFO,generating core.724,E3,generating <*>
13991,-,1117845799,2005.06.03,R23-M1-NC-C:J17-U01,2005-06-03-17.43.19.145315,R23-M1-NC-C:J17-U01,RAS,KERNEL,INFO,generating core.660,E3,generating <*>
14018,-,1117845800,2005.06.03,R22-M1-N4-C:J03-U01,2005-06-03-17.43.20.046359,R22-M1-N4-C:J03-U01,RAS,KERNEL,INFO,generating core.247,E3,generating <*>
14040,-,1117845800,2005.06.03,R22-M1-N4-C:J06-U01,2005-06-03-17.43.20.837580,R22-M1-N4-C:J06-U01,RAS,KERNEL,INFO,generating core.230,E3,generating <*>
14041,-,1117845800,2005.06.03,R22-M1-N4-C:J04-U11,2005-06-03-17.43.20.862451,R22-M1-N4-C:J04-U11,RAS,KERNEL,INFO,generating core.175,E3,generating <*>
14042,-,1117845800,2005.06.03,R22-M1-N4-C:J02-U01,2005-06-03-17.43.20.887159,R22-M1-N4-C:J02-U01,RAS,KERNEL,INFO,generating core.231,E3,generating <*>
14025,-,1117845800,2005.06.03,R22-M1-N4-C:J07-U01,2005-06-03-17.43.20.349570,R22-M1-N4-C:J07-U01,RAS,KERNEL,INFO,generating core.246,E3,generating <*>
14027,-,1117845800,2005.06.03,R22-M1-N4-C:J09-U01,2005-06-03-17.43.20.398656,R22-M1-N4-C:J09-U01,RAS,KERNEL,INFO,generating core.182,E3,generating <*>
14026,-,1117845800,2005.06.03,R22-M1-N4-C:J13-U01,2005-06-03-17.43.20.374136,R22-M1-N4-C:J13-U01,RAS,KERNEL,INFO,generating core.181,E3,generating <*>
14045,-,1117845800,2005.06.03,R23-M1-N4-C:J15-U11,2005-06-03-17.43.20.962154,R23-M1-N4-C:J15-U11,RAS,KERNEL,INFO,generating core.764,E3,generating <*>
14043,-,1117845800,2005.06.03,R22-M1-N4-C:J02-U11,2005-06-03-17.43.20.911528,R22-M1-N4-C:J02-U11,RAS,KERNEL,INFO,generating core.239,E3,generating <*>
14044,-,1117845800,2005.06.03,R23-M1-N4-C:J09-U11,2005-06-03-17.43.20.937019,R23-M1-N4-C:J09-U11,RAS,KERNEL,INFO,generating core.702,E3,generating <*>
14046,-,1117845800,2005.06.03,R23-M1-N4-C:J11-U11,2005-06-03-17.43.20.986894,R23-M1-N4-C:J11-U11,RAS,KERNEL,INFO,generating core.765,E3,generating <*>
14028,-,1117845800,2005.06.03,R22-M1-N4-C:J16-U11,2005-06-03-17.43.20.423538,R22-M1-N4-C:J16-U11,RAS,KERNEL,INFO,generating core.172,E3,generating <*>
14024,-,1117845800,2005.06.03,R22-M1-N4-C:J11-U01,2005-06-03-17.43.20.323724,R22-M1-N4-C:J11-U01,RAS,KERNEL,INFO,generating core.245,E3,generating <*>
14029,-,1117845800,2005.06.03,R22-M1-N4-C:J08-U11,2005-06-03-17.43.20.449530,R22-M1-N4-C:J08-U11,RAS,KERNEL,INFO,generating core.174,E3,generating <*>
14019,-,1117845800,2005.06.03,R22-M1-N4-C:J05-U11,2005-06-03-17.43.20.069853,R22-M1-N4-C:J05-U11,RAS,KERNEL,INFO,generating core.191,E3,generating <*>
14017,-,1117845800,2005.06.03,R22-M1-N4-C:J05-U01,2005-06-03-17.43.20.018198,R22-M1-N4-C:J05-U01,RAS,KERNEL,INFO,generating core.183,E3,generating <*>
14021,-,1117845800,2005.06.03,R22-M1-N4-C:J07-U11,2005-06-03-17.43.20.125147,R22-M1-N4-C:J07-U11,RAS,KERNEL,INFO,generating core.254,E3,generating <*>
14035,-,1117845800,2005.06.03,R22-M1-N4-C:J16-U01,2005-06-03-17.43.20.600930,R22-M1-N4-C:J16-U01,RAS,KERNEL,INFO,generating core.164,E3,generating <*>
14034,-,1117845800,2005.06.03,R22-M1-N4-C:J14-U01,2005-06-03-17.43.20.572995,R22-M1-N4-C:J14-U01,RAS,KERNEL,INFO,generating core.228,E3,generating <*>
14033,-,1117845800,2005.06.03,R22-M1-N4-C:J12-U11,2005-06-03-17.43.20.545529,R22-M1-N4-C:J12-U11,RAS,KERNEL,INFO,generating core.173,E3,generating <*>
14032,-,1117845800,2005.06.03,R22-M1-N4-C:J06-U11,2005-06-03-17.43.20.522525,R22-M1-N4-C:J06-U11,RAS,KERNEL,INFO,generating core.238,E3,generating <*>
14039,-,1117845800,2005.06.03,R22-M1-N4-C:J04-U01,2005-06-03-17.43.20.732854,R22-M1-N4-C:J04-U01,RAS,KERNEL,INFO,generating core.167,E3,generating <*>
14038,-,1117845800,2005.06.03,R22-M1-N4-C:J08-U01,2005-06-03-17.43.20.703640,R22-M1-N4-C:J08-U01,RAS,KERNEL,INFO,generating core.166,E3,generating <*>
14037,-,1117845800,2005.06.03,R22-M1-N4-C:J12-U01,2005-06-03-17.43.20.675714,R22-M1-N4-C:J12-U01,RAS,KERNEL,INFO,generating core.165,E3,generating <*>
14036,-,1117845800,2005.06.03,R22-M1-N4-C:J10-U01,2005-06-03-17.43.20.624739,R22-M1-N4-C:J10-U01,RAS,KERNEL,INFO,generating core.229,E3,generating <*>
14031,-,1117845800,2005.06.03,R22-M1-N4-C:J10-U11,2005-06-03-17.43.20.498800,R22-M1-N4-C:J10-U11,RAS,KERNEL,INFO,generating core.237,E3,generating <*>
14030,-,1117845800,2005.06.03,R22-M1-N4-C:J14-U11,2005-06-03-17.43.20.474077,R22-M1-N4-C:J14-U11,RAS,KERNEL,INFO,generating core.236,E3,generating <*>
14022,-,1117845800,2005.06.03,R22-M1-N4-C:J15-U01,2005-06-03-17.43.20.186964,R22-M1-N4-C:J15-U01,RAS,KERNEL,INFO,generating core.244,E3,generating <*>
14023,-,1117845800,2005.06.03,R22-M1-N4-C:J17-U01,2005-06-03-17.43.20.217721,R22-M1-N4-C:J17-U01,RAS,KERNEL,INFO,generating core.180,E3,generating <*>
14020,-,1117845800,2005.06.03,R22-M1-N4-C:J03-U11,2005-06-03-17.43.20.092966,R22-M1-N4-C:J03-U11,RAS,KERNEL,INFO,generating core.255,E3,generating <*>
14052,-,1117845801,2005.06.03,R23-M1-N4-C:J03-U11,2005-06-03-17.43.21.135240,R23-M1-N4-C:J03-U11,RAS,KERNEL,INFO,generating core.767,E3,generating <*>
14051,-,1117845801,2005.06.03,R23-M1-N4-C:J05-U11,2005-06-03-17.43.21.111129,R23-M1-N4-C:J05-U11,RAS,KERNEL,INFO,generating core.703,E3,generating <*>
14053,-,1117845801,2005.06.03,R23-M1-N4-C:J07-U11,2005-06-03-17.43.21.184332,R23-M1-N4-C:J07-U11,RAS,KERNEL,INFO,generating core.766,E3,generating <*>
14061,-,1117845801,2005.06.03,R23-M1-N4-C:J08-U11,2005-06-03-17.43.21.468930,R23-M1-N4-C:J08-U11,RAS,KERNEL,INFO,generating core.686,E3,generating <*>
14060,-,1117845801,2005.06.03,R23-M1-N4-C:J16-U11,2005-06-03-17.43.21.443462,R23-M1-N4-C:J16-U11,RAS,KERNEL,INFO,generating core.684,E3,generating <*>
14062,-,1117845801,2005.06.03,R23-M1-N4-C:J14-U11,2005-06-03-17.43.21.494003,R23-M1-N4-C:J14-U11,RAS,KERNEL,INFO,generating core.748,E3,generating <*>
14063,-,1117845801,2005.06.03,R23-M1-N4-C:J10-U11,2005-06-03-17.43.21.518789,R23-M1-N4-C:J10-U11,RAS,KERNEL,INFO,generating core.749,E3,generating <*>
14064,-,1117845801,2005.06.03,R23-M1-N4-C:J06-U11,2005-06-03-17.43.21.553939,R23-M1-N4-C:J06-U11,RAS,KERNEL,INFO,generating core.750,E3,generating <*>
14065,-,1117845801,2005.06.03,R23-M1-N4-C:J12-U11,2005-06-03-17.43.21.575957,R23-M1-N4-C:J12-U11,RAS,KERNEL,INFO,generating core.685,E3,generating <*>
14059,-,1117845801,2005.06.03,R23-M1-N4-C:J09-U01,2005-06-03-17.43.21.417892,R23-M1-N4-C:J09-U01,RAS,KERNEL,INFO,generating core.694,E3,generating <*>
14057,-,1117845801,2005.06.03,R23-M1-N4-C:J07-U01,2005-06-03-17.43.21.367778,R23-M1-N4-C:J07-U01,RAS,KERNEL,INFO,generating core.758,E3,generating <*>
14058,-,1117845801,2005.06.03,R23-M1-N4-C:J13-U01,2005-06-03-17.43.21.392673,R23-M1-N4-C:J13-U01,RAS,KERNEL,INFO,generating core.693,E3,generating <*>
14074,-,1117845801,2005.06.03,R23-M1-N4-C:J02-U01,2005-06-03-17.43.21.908626,R23-M1-N4-C:J02-U01,RAS,KERNEL,INFO,generating core.743,E3,generating <*>
14072,-,1117845801,2005.06.03,R23-M1-N4-C:J06-U01,2005-06-03-17.43.21.859614,R23-M1-N4-C:J06-U01,RAS,KERNEL,INFO,generating core.742,E3,generating <*>
14073,-,1117845801,2005.06.03,R23-M1-N4-C:J04-U11,2005-06-03-17.43.21.884084,R23-M1-N4-C:J04-U11,RAS,KERNEL,INFO,generating core.687,E3,generating <*>
14056,-,1117845801,2005.06.03,R23-M1-N4-C:J11-U01,2005-06-03-17.43.21.342275,R23-M1-N4-C:J11-U01,RAS,KERNEL,INFO,generating core.757,E3,generating <*>
14075,-,1117845801,2005.06.03,R23-M1-N4-C:J02-U11,2005-06-03-17.43.21.933732,R23-M1-N4-C:J02-U11,RAS,KERNEL,INFO,generating core.751,E3,generating <*>
14076,-,1117845801,2005.06.03,R23-M1-N0-C:J09-U11,2005-06-03-17.43.21.959135,R23-M1-N0-C:J09-U11,RAS,KERNEL,INFO,generating core.958,E3,generating <*>
14077,-,1117845801,2005.06.03,R23-M1-N0-C:J15-U11,2005-06-03-17.43.21.992527,R23-M1-N0-C:J15-U11,RAS,KERNEL,INFO,generating core.1020,E3,generating <*>
14055,-,1117845801,2005.06.03,R23-M1-N4-C:J17-U01,2005-06-03-17.43.21.240357,R23-M1-N4-C:J17-U01,RAS,KERNEL,INFO,generating core.692,E3,generating <*>
14054,-,1117845801,2005.06.03,R23-M1-N4-C:J15-U01,2005-06-03-17.43.21.211496,R23-M1-N4-C:J15-U01,RAS,KERNEL,INFO,generating core.756,E3,generating <*>
14070,-,1117845801,2005.06.03,R23-M1-N4-C:J08-U01,2005-06-03-17.43.21.724766,R23-M1-N4-C:J08-U01,RAS,KERNEL,INFO,generating core.678,E3,generating <*>
14071,-,1117845801,2005.06.03,R23-M1-N4-C:J04-U01,2005-06-03-17.43.21.776130,R23-M1-N4-C:J04-U01,RAS,KERNEL,INFO,generating core.679,E3,generating <*>
14048,-,1117845801,2005.06.03,R23-M1-N4-C:J17-U11,2005-06-03-17.43.21.035566,R23-M1-N4-C:J17-U11,RAS,KERNEL,INFO,generating core.700,E3,generating <*>
14049,-,1117845801,2005.06.03,R23-M1-N4-C:J05-U01,2005-06-03-17.43.21.058672,R23-M1-N4-C:J05-U01,RAS,KERNEL,INFO,generating core.695,E3,generating <*>
14066,-,1117845801,2005.06.03,R23-M1-N4-C:J14-U01,2005-06-03-17.43.21.603693,R23-M1-N4-C:J14-U01,RAS,KERNEL,INFO,generating core.740,E3,generating <*>
14067,-,1117845801,2005.06.03,R23-M1-N4-C:J16-U01,2005-06-03-17.43.21.626242,R23-M1-N4-C:J16-U01,RAS,KERNEL,INFO,generating core.676,E3,generating <*>
14068,-,1117845801,2005.06.03,R23-M1-N4-C:J10-U01,2005-06-03-17.43.21.650232,R23-M1-N4-C:J10-U01,RAS,KERNEL,INFO,generating core.741,E3,generating <*>
14069,-,1117845801,2005.06.03,R23-M1-N4-C:J12-U01,2005-06-03-17.43.21.696034,R23-M1-N4-C:J12-U01,RAS,KERNEL,INFO,generating core.677,E3,generating <*>
14050,-,1117845801,2005.06.03,R23-M1-N4-C:J03-U01,2005-06-03-17.43.21.087980,R23-M1-N4-C:J03-U01,RAS,KERNEL,INFO,generating core.759,E3,generating <*>
14047,-,1117845801,2005.06.03,R23-M1-N4-C:J13-U11,2005-06-03-17.43.21.011523,R23-M1-N4-C:J13-U11,RAS,KERNEL,INFO,generating core.701,E3,generating <*>
14082,-,1117845802,2005.06.03,R23-M1-N0-C:J03-U01,2005-06-03-17.43.22.131588,R23-M1-N0-C:J03-U01,RAS,KERNEL,INFO,generating core.1015,E3,generating <*>
14097,-,1117845802,2005.06.03,R23-M1-N0-C:J12-U11,2005-06-03-17.43.22.637608,R23-M1-N0-C:J12-U11,RAS,KERNEL,INFO,generating core.941,E3,generating <*>
14105,-,1117845802,2005.06.03,R23-M1-N0-C:J04-U11,2005-06-03-17.43.22.977209,R23-M1-N0-C:J04-U11,RAS,KERNEL,INFO,generating core.943,E3,generating <*>
14104,-,1117845802,2005.06.03,R23-M1-N0-C:J06-U01,2005-06-03-17.43.22.941096,R23-M1-N0-C:J06-U01,RAS,KERNEL,INFO,generating core.998,E3,generating <*>
14078,-,1117845802,2005.06.03,R23-M1-N0-C:J11-U11,2005-06-03-17.43.22.024717,R23-M1-N0-C:J11-U11,RAS,KERNEL,INFO,generating core.1021,E3,generating <*>
14083,-,1117845802,2005.06.03,R23-M1-N0-C:J05-U11,2005-06-03-17.43.22.154682,R23-M1-N0-C:J05-U11,RAS,KERNEL,INFO,generating core.959,E3,generating <*>
14098,-,1117845802,2005.06.03,R23-M1-N0-C:J14-U01,2005-06-03-17.43.22.667415,R23-M1-N0-C:J14-U01,RAS,KERNEL,INFO,generating core.996,E3,generating <*>
14087,-,1117845802,2005.06.03,R23-M1-N0-C:J17-U01,2005-06-03-17.43.22.370990,R23-M1-N0-C:J17-U01,RAS,KERNEL,INFO,generating core.948,E3,generating <*>
14080,-,1117845802,2005.06.03,R23-M1-N0-C:J17-U11,2005-06-03-17.43.22.080571,R23-M1-N0-C:J17-U11,RAS,KERNEL,INFO,generating core.956,E3,generating <*>
14081,-,1117845802,2005.06.03,R23-M1-N0-C:J05-U01,2005-06-03-17.43.22.103624,R23-M1-N0-C:J05-U01,RAS,KERNEL,INFO,generating core.951,E3,generating <*>
14096,-,1117845802,2005.06.03,R23-M1-N0-C:J06-U11,2005-06-03-17.43.22.617496,R23-M1-N0-C:J06-U11,RAS,KERNEL,INFO,generating core.1006,E3,generating <*>
14095,-,1117845802,2005.06.03,R23-M1-N0-C:J10-U11,2005-06-03-17.43.22.596211,R23-M1-N0-C:J10-U11,RAS,KERNEL,INFO,generating core.1005,E3,generating <*>
14103,-,1117845802,2005.06.03,R23-M1-N0-C:J04-U01,2005-06-03-17.43.22.905834,R23-M1-N0-C:J04-U01,RAS,KERNEL,INFO,generating core.935,E3,generating <*>
14094,-,1117845802,2005.06.03,R23-M1-N0-C:J14-U11,2005-06-03-17.43.22.574505,R23-M1-N0-C:J14-U11,RAS,KERNEL,INFO,generating core.1004,E3,generating <*>
14102,-,1117845802,2005.06.03,R23-M1-N0-C:J08-U01,2005-06-03-17.43.22.881617,R23-M1-N0-C:J08-U01,RAS,KERNEL,INFO,generating core.934,E3,generating <*>
14093,-,1117845802,2005.06.03,R23-M1-N0-C:J08-U11,2005-06-03-17.43.22.554001,R23-M1-N0-C:J08-U11,RAS,KERNEL,INFO,generating core.942,E3,generating <*>
14084,-,1117845802,2005.06.03,R23-M1-N0-C:J03-U11,2005-06-03-17.43.22.205628,R23-M1-N0-C:J03-U11,RAS,KERNEL,INFO,generating core.1023,E3,generating <*>
14085,-,1117845802,2005.06.03,R23-M1-N0-C:J07-U11,2005-06-03-17.43.22.234466,R23-M1-N0-C:J07-U11,RAS,KERNEL,INFO,generating core.1022,E3,generating <*>
14086,-,1117845802,2005.06.03,R23-M1-N0-C:J15-U01,2005-06-03-17.43.22.286430,R23-M1-N0-C:J15-U01,RAS,KERNEL,INFO,generating core.1012,E3,generating <*>
14088,-,1117845802,2005.06.03,R23-M1-N0-C:J11-U01,2005-06-03-17.43.22.404995,R23-M1-N0-C:J11-U01,RAS,KERNEL,INFO,generating core.1013,E3,generating <*>
14100,-,1117845802,2005.06.03,R23-M1-N0-C:J10-U01,2005-06-03-17.43.22.743637,R23-M1-N0-C:J10-U01,RAS,KERNEL,INFO,generating core.997,E3,generating <*>
14099,-,1117845802,2005.06.03,R23-M1-N0-C:J16-U01,2005-06-03-17.43.22.716246,R23-M1-N0-C:J16-U01,RAS,KERNEL,INFO,generating core.932,E3,generating <*>
14101,-,1117845802,2005.06.03,R23-M1-N0-C:J12-U01,2005-06-03-17.43.22.771788,R23-M1-N0-C:J12-U01,RAS,KERNEL,INFO,generating core.933,E3,generating <*>
14079,-,1117845802,2005.06.03,R23-M1-N0-C:J13-U11,2005-06-03-17.43.22.057222,R23-M1-N0-C:J13-U11,RAS,KERNEL,INFO,generating core.957,E3,generating <*>
14091,-,1117845802,2005.06.03,R23-M1-N0-C:J09-U01,2005-06-03-17.43.22.498744,R23-M1-N0-C:J09-U01,RAS,KERNEL,INFO,generating core.950,E3,generating <*>
14092,-,1117845802,2005.06.03,R23-M1-N0-C:J16-U11,2005-06-03-17.43.22.532527,R23-M1-N0-C:J16-U11,RAS,KERNEL,INFO,generating core.940,E3,generating <*>
14090,-,1117845802,2005.06.03,R23-M1-N0-C:J13-U01,2005-06-03-17.43.22.475143,R23-M1-N0-C:J13-U01,RAS,KERNEL,INFO,generating core.949,E3,generating <*>
14089,-,1117845802,2005.06.03,R23-M1-N0-C:J07-U01,2005-06-03-17.43.22.438932,R23-M1-N0-C:J07-U01,RAS,KERNEL,INFO,generating core.1014,E3,generating <*>
14109,-,1117845803,2005.06.03,R23-M1-N8-C:J15-U11,2005-06-03-17.43.23.115838,R23-M1-N8-C:J15-U11,RAS,KERNEL,INFO,generating core.988,E3,generating <*>
14127,-,1117845803,2005.06.03,R23-M1-N8-C:J10-U11,2005-06-03-17.43.23.916311,R23-M1-N8-C:J10-U11,RAS,KERNEL,INFO,generating core.973,E3,generating <*>
14108,-,1117845803,2005.06.03,R23-M1-N8-C:J09-U11,2005-06-03-17.43.23.083587,R23-M1-N8-C:J09-U11,RAS,KERNEL,INFO,generating core.926,E3,generating <*>
14107,-,1117845803,2005.06.03,R23-M1-N0-C:J02-U11,2005-06-03-17.43.23.051122,R23-M1-N0-C:J02-U11,RAS,KERNEL,INFO,generating core.1007,E3,generating <*>
14121,-,1117845803,2005.06.03,R23-M1-N8-C:J07-U01,2005-06-03-17.43.23.649516,R23-M1-N8-C:J07-U01,RAS,KERNEL,INFO,generating core.982,E3,generating <*>
14120,-,1117845803,2005.06.03,R23-M1-N8-C:J11-U01,2005-06-03-17.43.23.628745,R23-M1-N8-C:J11-U01,RAS,KERNEL,INFO,generating core.981,E3,generating <*>
14124,-,1117845803,2005.06.03,R23-M1-N8-C:J16-U11,2005-06-03-17.43.23.731850,R23-M1-N8-C:J16-U11,RAS,KERNEL,INFO,generating core.908,E3,generating <*>
14122,-,1117845803,2005.06.03,R23-M1-N8-C:J13-U01,2005-06-03-17.43.23.669961,R23-M1-N8-C:J13-U01,RAS,KERNEL,INFO,generating core.917,E3,generating <*>
14106,-,1117845803,2005.06.03,R23-M1-N0-C:J02-U01,2005-06-03-17.43.23.012722,R23-M1-N0-C:J02-U01,RAS,KERNEL,INFO,generating core.999,E3,generating <*>
14125,-,1117845803,2005.06.03,R23-M1-N8-C:J08-U11,2005-06-03-17.43.23.758408,R23-M1-N8-C:J08-U11,RAS,KERNEL,INFO,generating core.910,E3,generating <*>
14129,-,1117845803,2005.06.03,R23-M1-N8-C:J12-U11,2005-06-03-17.43.23.986542,R23-M1-N8-C:J12-U11,RAS,KERNEL,INFO,generating core.909,E3,generating <*>
14128,-,1117845803,2005.06.03,R23-M1-N8-C:J06-U11,2005-06-03-17.43.23.950165,R23-M1-N8-C:J06-U11,RAS,KERNEL,INFO,generating core.974,E3,generating <*>
14110,-,1117845803,2005.06.03,R23-M1-N8-C:J11-U11,2005-06-03-17.43.23.137188,R23-M1-N8-C:J11-U11,RAS,KERNEL,INFO,generating core.989,E3,generating <*>
14113,-,1117845803,2005.06.03,R23-M1-N8-C:J05-U01,2005-06-03-17.43.23.460712,R23-M1-N8-C:J05-U01,RAS,KERNEL,INFO,generating core.919,E3,generating <*>
14111,-,1117845803,2005.06.03,R23-M1-N8-C:J13-U11,2005-06-03-17.43.23.173488,R23-M1-N8-C:J13-U11,RAS,KERNEL,INFO,generating core.925,E3,generating <*>
14114,-,1117845803,2005.06.03,R23-M1-N8-C:J03-U01,2005-06-03-17.43.23.496581,R23-M1-N8-C:J03-U01,RAS,KERNEL,INFO,generating core.983,E3,generating <*>
14118,-,1117845803,2005.06.03,R23-M1-N8-C:J15-U01,2005-06-03-17.43.23.587721,R23-M1-N8-C:J15-U01,RAS,KERNEL,INFO,generating core.980,E3,generating <*>
14115,-,1117845803,2005.06.03,R23-M1-N8-C:J05-U11,2005-06-03-17.43.23.520164,R23-M1-N8-C:J05-U11,RAS,KERNEL,INFO,generating core.927,E3,generating <*>
14116,-,1117845803,2005.06.03,R23-M1-N8-C:J03-U11,2005-06-03-17.43.23.543391,R23-M1-N8-C:J03-U11,RAS,KERNEL,INFO,generating core.991,E3,generating <*>
14117,-,1117845803,2005.06.03,R23-M1-N8-C:J07-U11,2005-06-03-17.43.23.566632,R23-M1-N8-C:J07-U11,RAS,KERNEL,INFO,generating core.990,E3,generating <*>
14126,-,1117845803,2005.06.03,R23-M1-N8-C:J14-U11,2005-06-03-17.43.23.787302,R23-M1-N8-C:J14-U11,RAS,KERNEL,INFO,generating core.972,E3,generating <*>
14112,-,1117845803,2005.06.03,R23-M1-N8-C:J17-U11,2005-06-03-17.43.23.264837,R23-M1-N8-C:J17-U11,RAS,KERNEL,INFO,generating core.924,E3,generating <*>
14119,-,1117845803,2005.06.03,R23-M1-N8-C:J17-U01,2005-06-03-17.43.23.608072,R23-M1-N8-C:J17-U01,RAS,KERNEL,INFO,generating core.916,E3,generating <*>
14123,-,1117845803,2005.06.03,R23-M1-N8-C:J09-U01,2005-06-03-17.43.23.691002,R23-M1-N8-C:J09-U01,RAS,KERNEL,INFO,generating core.918,E3,generating <*>
14134,-,1117845804,2005.06.03,R23-M1-N8-C:J08-U01,2005-06-03-17.43.24.148554,R23-M1-N8-C:J08-U01,RAS,KERNEL,INFO,generating core.902,E3,generating <*>
14137,-,1117845804,2005.06.03,R23-M1-N8-C:J04-U11,2005-06-03-17.43.24.243817,R23-M1-N8-C:J04-U11,RAS,KERNEL,INFO,generating core.911,E3,generating <*>
14136,-,1117845804,2005.06.03,R23-M1-N8-C:J06-U01,2005-06-03-17.43.24.193226,R23-M1-N8-C:J06-U01,RAS,KERNEL,INFO,generating core.966,E3,generating <*>
14139,-,1117845804,2005.06.03,R23-M1-N8-C:J02-U11,2005-06-03-17.43.24.405532,R23-M1-N8-C:J02-U11,RAS,KERNEL,INFO,generating core.975,E3,generating <*>
14132,-,1117845804,2005.06.03,R23-M1-N8-C:J10-U01,2005-06-03-17.43.24.089744,R23-M1-N8-C:J10-U01,RAS,KERNEL,INFO,generating core.965,E3,generating <*>
14138,-,1117845804,2005.06.03,R23-M1-N8-C:J02-U01,2005-06-03-17.43.24.277585,R23-M1-N8-C:J02-U01,RAS,KERNEL,INFO,generating core.967,E3,generating <*>
14131,-,1117845804,2005.06.03,R23-M1-N8-C:J16-U01,2005-06-03-17.43.24.057383,R23-M1-N8-C:J16-U01,RAS,KERNEL,INFO,generating core.900,E3,generating <*>
14135,-,1117845804,2005.06.03,R23-M1-N8-C:J04-U01,2005-06-03-17.43.24.170407,R23-M1-N8-C:J04-U01,RAS,KERNEL,INFO,generating core.903,E3,generating <*>
14130,-,1117845804,2005.06.03,R23-M1-N8-C:J14-U01,2005-06-03-17.43.24.023417,R23-M1-N8-C:J14-U01,RAS,KERNEL,INFO,generating core.964,E3,generating <*>
14133,-,1117845804,2005.06.03,R23-M1-N8-C:J12-U01,2005-06-03-17.43.24.122214,R23-M1-N8-C:J12-U01,RAS,KERNEL,INFO,generating core.901,E3,generating <*>
14141,-,1117846117,2005.06.03,R13-M0-NA-C:J14-U01,2005-06-03-17.48.37.955636,R13-M0-NA-C:J14-U01,RAS,KERNEL,INFO,136 L3 EDRAM error(s) (dcr 0x0157) detected and corrected,E5,<*> L3 <*> error(s) (dcr 0x<*>) detected and corrected
14140,-,1117846117,2005.06.03,R16-M1-N2-C:J17-U01,2005-06-03-17.48.37.920509,R16-M1-N2-C:J17-U01,RAS,KERNEL,INFO,"1 ddr errors(s) detected and corrected on rank 0, symbol 2, bit 4",E4,"<*> ddr errors(s) detected and corrected on rank 0, symbol <*> bit <*>"
14142,-,1117846118,2005.06.03,R16-M1-N2-C:J17-U01,2005-06-03-17.48.38.130549,R16-M1-N2-C:J17-U01,RAS,KERNEL,INFO,"CE sym 2, at 0x0b85ea80, mask 0x08",E6,"CE sym <*> at 0x<*>, mask 0x<*>"
14143,-,1117846118,2005.06.03,R16-M1-N2-C:J17-U01,2005-06-03-17.48.38.342742,R16-M1-N2-C:J17-U01,RAS,KERNEL,INFO,total of 1 ddr error(s) detected and corrected,E7,total of <*> ddr error(s) detected and corrected
14144,-,1117846777,2005.06.03,R16-M1-N2-C:J17-U01,2005-06-03-17.59.37.564438,R16-M1-N2-C:J17-U01,RAS,KERNEL,INFO,"ddr: excessive soft failures, consider replacing the card",E9,"ddr: excessive soft failures, consider replacing the card"
14146,-,1117846845,2005.06.03,R13-M0-NA-C:J14-U01,2005-06-03-18.00.45.619320,R13-M0-NA-C:J14-U01,RAS,KERNEL,INFO,180458 L3 EDRAM error(s) (dcr 0x0157) detected and corrected,E5,<*> L3 <*> error(s) (dcr 0x<*>) detected and corrected
14147,-,1117846845,2005.06.03,R11-M1-N9-C:J12-U11,2005-06-03-18.00.45.644840,R11-M1-N9-C:J12-U11,RAS,KERNEL,INFO,"1 ddr errors(s) detected and corrected on rank 0, symbol 9, bit 0",E4,"<*> ddr errors(s) detected and corrected on rank 0, symbol <*> bit <*>"
14149,-,1117846845,2005.06.03,R11-M1-N9-C:J12-U11,2005-06-03-18.00.45.909238,R11-M1-N9-C:J12-U11,RAS,KERNEL,INFO,"CE sym 9, at 0x0cb88e60, mask 0x80",E6,"CE sym <*> at 0x<*>, mask 0x<*>"
14145,-,1117846845,2005.06.03,R16-M1-N2-C:J17-U01,2005-06-03-18.00.45.543949,R16-M1-N2-C:J17-U01,RAS,KERNEL,INFO,"74 ddr errors(s) detected and corrected on rank 0, symbol 2, bit 4",E4,"<*> ddr errors(s) detected and corrected on rank 0, symbol <*> bit <*>"
14148,-,1117846845,2005.06.03,R16-M1-N2-C:J17-U01,2005-06-03-18.00.45.892207,R16-M1-N2-C:J17-U01,RAS,KERNEL,INFO,"51 ddr errors(s) detected and corrected on rank 0, symbol 2, bit 5",E4,"<*> ddr errors(s) detected and corrected on rank 0, symbol <*> bit <*>"
14155,-,1117846846,2005.06.03,R16-M1-N2-C:J17-U01,2005-06-03-18.00.46.903564,R16-M1-N2-C:J17-U01,RAS,KERNEL,INFO,"CE sym 2, at 0x0b85ec80, mask 0x07",E6,"CE sym <*> at 0x<*>, mask 0x<*>"
14154,-,1117846846,2005.06.03,R16-M1-N2-C:J17-U01,2005-06-03-18.00.46.655263,R16-M1-N2-C:J17-U01,RAS,KERNEL,INFO,"CE sym 2, at 0x0b85ea80, mask 0x08",E6,"CE sym <*> at 0x<*>, mask 0x<*>"
14151,-,1117846846,2005.06.03,R11-M1-N9-C:J12-U11,2005-06-03-18.00.46.121081,R11-M1-N9-C:J12-U11,RAS,KERNEL,INFO,total of 1 ddr error(s) detected and corrected,E7,total of <*> ddr error(s) detected and corrected
14152,-,1117846846,2005.06.03,R16-M1-N2-C:J17-U01,2005-06-03-18.00.46.316903,R16-M1-N2-C:J17-U01,RAS,KERNEL,INFO,"21 ddr errors(s) detected and corrected on rank 0, symbol 2, bit 7",E4,"<*> ddr errors(s) detected and corrected on rank 0, symbol <*> bit <*>"
14153,-,1117846846,2005.06.03,R16-M1-N2-C:J17-U01,2005-06-03-18.00.46.483972,R16-M1-N2-C:J17-U01,RAS,KERNEL,INFO,"CE sym 2, at 0x0b85ea80, mask 0x08",E6,"CE sym <*> at 0x<*>, mask 0x<*>"
14150,-,1117846846,2005.06.03,R16-M1-N2-C:J17-U01,2005-06-03-18.00.46.056280,R16-M1-N2-C:J17-U01,RAS,KERNEL,INFO,"43 ddr errors(s) detected and corrected on rank 0, symbol 2, bit 6",E4,"<*> ddr errors(s) detected and corrected on rank 0, symbol <*> bit <*>"
14157,-,1117846847,2005.06.03,R16-M1-N2-C:J17-U01,2005-06-03-18.00.47.314956,R16-M1-N2-C:J17-U01,RAS,KERNEL,INFO,"CE sym 2, at 0x0b85f080, mask 0x0c",E6,"CE sym <*> at 0x<*>, mask 0x<*>"
14158,-,1117846847,2005.06.03,R16-M1-N2-C:J17-U01,2005-06-03-18.00.47.490856,R16-M1-N2-C:J17-U01,RAS,KERNEL,INFO,"CE sym 2, at 0x0b85f2a0, mask 0x0c",E6,"CE sym <*> at 0x<*>, mask 0x<*>"
14156,-,1117846847,2005.06.03,R16-M1-N2-C:J17-U01,2005-06-03-18.00.47.053806,R16-M1-N2-C:J17-U01,RAS,KERNEL,INFO,"CE sym 2, at 0x0b85ee80, mask 0x0f",E6,"CE sym <*> at 0x<*>, mask 0x<*>"
14159,-,1117846847,2005.06.03,R16-M1-N2-C:J17-U01,2005-06-03-18.00.47.670454,R16-M1-N2-C:J17-U01,RAS,KERNEL,INFO,"CE sym 2, at 0x0b85f480, mask 0x08",E6,"CE sym <*> at 0x<*>, mask 0x<*>"
14160,-,1117846847,2005.06.03,R16-M1-N2-C:J17-U01,2005-06-03-18.00.47.898242,R16-M1-N2-C:J17-U01,RAS,KERNEL,INFO,"CE sym 2, at 0x0b85f680, mask 0x0e",E6,"CE sym <*> at 0x<*>, mask 0x<*>"
14165,-,1117846848,2005.06.03,R16-M1-N2-C:J17-U01,2005-06-03-18.00.48.861572,R16-M1-N2-C:J17-U01,RAS,KERNEL,INFO,"CE sym 2, at 0x0b85ea80, mask 0x08",E6,"CE sym <*> at 0x<*>, mask 0x<*>"
14162,-,1117846848,2005.06.03,R16-M1-N2-C:J17-U01,2005-06-03-18.00.48.262928,R16-M1-N2-C:J17-U01,RAS,KERNEL,INFO,"CE sym 2, at 0x0b85fa80, mask 0x02",E6,"CE sym <*> at 0x<*>, mask 0x<*>"
14161,-,1117846848,2005.06.03,R16-M1-N2-C:J17-U01,2005-06-03-18.00.48.042035,R16-M1-N2-C:J17-U01,RAS,KERNEL,INFO,"CE sym 2, at 0x0b85f880, mask 0x04",E6,"CE sym <*> at 0x<*>, mask 0x<*>"
14163,-,1117846848,2005.06.03,R16-M1-N2-C:J17-U01,2005-06-03-18.00.48.448385,R16-M1-N2-C:J17-U01,RAS,KERNEL,INFO,"CE sym 2, at 0x0b85fc80, mask 0x08",E6,"CE sym <*> at 0x<*>, mask 0x<*>"
14164,-,1117846848,2005.06.03,R16-M1-N2-C:J17-U01,2005-06-03-18.00.48.591224,R16-M1-N2-C:J17-U01,RAS,KERNEL,INFO,"CE sym 2, at 0x0b85fea0, mask 0x03",E6,"CE sym <*> at 0x<*>, mask 0x<*>"
14169,-,1117846849,2005.06.03,R16-M1-N2-C:J17-U01,2005-06-03-18.00.49.568268,R16-M1-N2-C:J17-U01,RAS,KERNEL,INFO,"CE sym 2, at 0x0b85f4c0, mask 0x08",E6,"CE sym <*> at 0x<*>, mask 0x<*>"
14168,-,1117846849,2005.06.03,R16-M1-N2-C:J17-U01,2005-06-03-18.00.49.405076,R16-M1-N2-C:J17-U01,RAS,KERNEL,INFO,"CE sym 2, at 0x0b85f2a0, mask 0x0c",E6,"CE sym <*> at 0x<*>, mask 0x<*>"
14170,-,1117846849,2005.06.03,R16-M1-N2-C:J17-U01,2005-06-03-18.00.49.837302,R16-M1-N2-C:J17-U01,RAS,KERNEL,INFO,"CE sym 2, at 0x0b85ea80, mask 0x08",E6,"CE sym <*> at 0x<*>, mask 0x<*>"
14167,-,1117846849,2005.06.03,R16-M1-N2-C:J17-U01,2005-06-03-18.00.49.201197,R16-M1-N2-C:J17-U01,RAS,KERNEL,INFO,"CE sym 2, at 0x0b85eee0, mask 0x04",E6,"CE sym <*> at 0x<*>, mask 0x<*>"
14166,-,1117846849,2005.06.03,R16-M1-N2-C:J17-U01,2005-06-03-18.00.49.022187,R16-M1-N2-C:J17-U01,RAS,KERNEL,INFO,"CE sym 2, at 0x0b85ec80, mask 0x04",E6,"CE sym <*> at 0x<*>, mask 0x<*>"
14175,-,1117846850,2005.06.03,R16-M1-N2-C:J17-U01,2005-06-03-18.00.50.753487,R16-M1-N2-C:J17-U01,RAS,KERNEL,INFO,"CE sym 2, at 0x0b85f480, mask 0x08",E6,"CE sym <*> at 0x<*>, mask 0x<*>"
14176,-,1117846850,2005.06.03,R16-M1-N2-C:J17-U01,2005-06-03-18.00.50.992480,R16-M1-N2-C:J17-U01,RAS,KERNEL,INFO,"CE sym 2, at 0x0b85f6e0, mask 0x01",E6,"CE sym <*> at 0x<*>, mask 0x<*>"
14173,-,1117846850,2005.06.03,R16-M1-N2-C:J17-U01,2005-06-03-18.00.50.376319,R16-M1-N2-C:J17-U01,RAS,KERNEL,INFO,"CE sym 2, at 0x0b85f0a0, mask 0x08",E6,"CE sym <*> at 0x<*>, mask 0x<*>"
14171,-,1117846850,2005.06.03,R16-M1-N2-C:J17-U01,2005-06-03-18.00.50.001585,R16-M1-N2-C:J17-U01,RAS,KERNEL,INFO,"CE sym 2, at 0x0b85ec80, mask 0x06",E6,"CE sym <*> at 0x<*>, mask 0x<*>"
14174,-,1117846850,2005.06.03,R16-M1-N2-C:J17-U01,2005-06-03-18.00.50.552317,R16-M1-N2-C:J17-U01,RAS,KERNEL,INFO,"CE sym 2, at 0x0b85f2a0, mask 0x0c",E6,"CE sym <*> at 0x<*>, mask 0x<*>"
14172,-,1117846850,2005.06.03,R16-M1-N2-C:J17-U01,2005-06-03-18.00.50.145282,R16-M1-N2-C:J17-U01,RAS,KERNEL,INFO,"CE sym 2, at 0x0b85eec0, mask 0x02",E6,"CE sym <*> at 0x<*>, mask 0x<*>"
14177,-,1117846851,2005.06.03,R16-M1-N2-C:J17-U01,2005-06-03-18.00.51.138068,R16-M1-N2-C:J17-U01,RAS,KERNEL,INFO,"CE sym 2, at 0x0b85f8c0, mask 0x01",E6,"CE sym <*> at 0x<*>, mask 0x<*>"
14180,-,1117846851,2005.06.03,R16-M1-N2-C:J17-U01,2005-06-03-18.00.51.756485,R16-M1-N2-C:J17-U01,RAS,KERNEL,INFO,"CE sym 2, at 0x0b85ea80, mask 0x08",E6,"CE sym <*> at 0x<*>, mask 0x<*>"
14179,-,1117846851,2005.06.03,R16-M1-N2-C:J17-U01,2005-06-03-18.00.51.572773,R16-M1-N2-C:J17-U01,RAS,KERNEL,INFO,"CE sym 2, at 0x0b85fec0, mask 0x02",E6,"CE sym <*> at 0x<*>, mask 0x<*>"
14178,-,1117846851,2005.06.03,R16-M1-N2-C:J17-U01,2005-06-03-18.00.51.401329,R16-M1-N2-C:J17-U01,RAS,KERNEL,INFO,"CE sym 2, at 0x0b85faa0, mask 0x02",E6,"CE sym <*> at 0x<*>, mask 0x<*>"
14182,-,1117846852,2005.06.03,R16-M1-N2-C:J17-U01,2005-06-03-18.00.52.162490,R16-M1-N2-C:J17-U01,RAS,KERNEL,INFO,"CE sym 2, at 0x0b85ee80, mask 0x0f",E6,"CE sym <*> at 0x<*>, mask 0x<*>"
14185,-,1117846852,2005.06.03,R16-M1-N2-C:J17-U01,2005-06-03-18.00.52.771335,R16-M1-N2-C:J17-U01,RAS,KERNEL,INFO,"CE sym 2, at 0x0b85f480, mask 0x08",E6,"CE sym <*> at 0x<*>, mask 0x<*>"
14181,-,1117846852,2005.06.03,R16-M1-N2-C:J17-U01,2005-06-03-18.00.52.013708,R16-M1-N2-C:J17-U01,RAS,KERNEL,INFO,"CE sym 2, at 0x0b85ec80, mask 0x07",E6,"CE sym <*> at 0x<*>, mask 0x<*>"
14183,-,1117846852,2005.06.03,R16-M1-N2-C:J17-U01,2005-06-03-18.00.52.424610,R16-M1-N2-C:J17-U01,RAS,KERNEL,INFO,"CE sym 2, at 0x0b85f080, mask 0x0c",E6,"CE sym <*> at 0x<*>, mask 0x<*>"
14184,-,1117846852,2005.06.03,R16-M1-N2-C:J17-U01,2005-06-03-18.00.52.590679,R16-M1-N2-C:J17-U01,RAS,KERNEL,INFO,"CE sym 2, at 0x0b85f280, mask 0x02",E6,"CE sym <*> at 0x<*>, mask 0x<*>"
14186,-,1117846852,2005.06.03,R16-M1-N2-C:J17-U01,2005-06-03-18.00.52.981904,R16-M1-N2-C:J17-U01,RAS,KERNEL,INFO,"CE sym 2, at 0x0b85f680, mask 0x0e",E6,"CE sym <*> at 0x<*>, mask 0x<*>"
14187,-,1117846853,2005.06.03,R16-M1-N2-C:J17-U01,2005-06-03-18.00.53.144124,R16-M1-N2-C:J17-U01,RAS,KERNEL,INFO,"CE sym 2, at 0x0b85f880, mask 0x0c",E6,"CE sym <*> at 0x<*>, mask 0x<*>"
14188,-,1117846853,2005.06.03,R16-M1-N2-C:J17-U01,2005-06-03-18.00.53.386119,R16-M1-N2-C:J17-U01,RAS,KERNEL,INFO,"CE sym 2, at 0x0b85fa80, mask 0x0a",E6,"CE sym <*> at 0x<*>, mask 0x<*>"
14189,-,1117846853,2005.06.03,R16-M1-N2-C:J17-U01,2005-06-03-18.00.53.556484,R16-M1-N2-C:J17-U01,RAS,KERNEL,INFO,"CE sym 2, at 0x0b85fc80, mask 0x08",E6,"CE sym <*> at 0x<*>, mask 0x<*>"
14190,-,1117846853,2005.06.03,R16-M1-N2-C:J17-U01,2005-06-03-18.00.53.845510,R16-M1-N2-C:J17-U01,RAS,KERNEL,INFO,"CE sym 2, at 0x0b85fea0, mask 0x03",E6,"CE sym <*> at 0x<*>, mask 0x<*>"
14194,-,1117846854,2005.06.03,R16-M1-N2-C:J17-U01,2005-06-03-18.00.54.608386,R16-M1-N2-C:J17-U01,RAS,KERNEL,INFO,"CE sym 2, at 0x0b85f2a0, mask 0x0c",E6,"CE sym <*> at 0x<*>, mask 0x<*>"
14195,-,1117846854,2005.06.03,R16-M1-N2-C:J17-U01,2005-06-03-18.00.54.792862,R16-M1-N2-C:J17-U01,RAS,KERNEL,INFO,"CE sym 2, at 0x0b85f4c0, mask 0x08",E6,"CE sym <*> at 0x<*>, mask 0x<*>"
14196,-,1117846854,2005.06.03,R16-M1-N2-C:J17-U01,2005-06-03-18.00.54.987452,R16-M1-N2-C:J17-U01,RAS,KERNEL,INFO,"CE sym 2, at 0x0b85ea80, mask 0x08",E6,"CE sym <*> at 0x<*>, mask 0x<*>"
14193,-,1117846854,2005.06.03,R16-M1-N2-C:J17-U01,2005-06-03-18.00.54.451017,R16-M1-N2-C:J17-U01,RAS,KERNEL,INFO,"CE sym 2, at 0x0b85eee0, mask 0x04",E6,"CE sym <*> at 0x<*>, mask 0x<*>"
14191,-,1117846854,2005.06.03,R16-M1-N2-C:J17-U01,2005-06-03-18.00.54.048820,R16-M1-N2-C:J17-U01,RAS,KERNEL,INFO,"CE sym 2, at 0x0b85ea80, mask 0x08",E6,"CE sym <*> at 0x<*>, mask 0x<*>"
14192,-,1117846854,2005.06.03,R16-M1-N2-C:J17-U01,2005-06-03-18.00.54.196405,R16-M1-N2-C:J17-U01,RAS,KERNEL,INFO,"CE sym 2, at 0x0b85ec80, mask 0x04",E6,"CE sym <*> at 0x<*>, mask 0x<*>"
14201,-,1117846855,2005.06.03,R16-M1-N2-C:J17-U01,2005-06-03-18.00.55.896080,R16-M1-N2-C:J17-U01,RAS,KERNEL,INFO,"CE sym 2, at 0x0b85f480, mask 0x08",E6,"CE sym <*> at 0x<*>, mask 0x<*>"
14199,-,1117846855,2005.06.03,R16-M1-N2-C:J17-U01,2005-06-03-18.00.55.515045,R16-M1-N2-C:J17-U01,RAS,KERNEL,INFO,"CE sym 2, at 0x0b85f0a0, mask 0x08",E6,"CE sym <*> at 0x<*>, mask 0x<*>"
14197,-,1117846855,2005.06.03,R16-M1-N2-C:J17-U01,2005-06-03-18.00.55.145883,R16-M1-N2-C:J17-U01,RAS,KERNEL,INFO,"CE sym 2, at 0x0b85ec80, mask 0x06",E6,"CE sym <*> at 0x<*>, mask 0x<*>"
14198,-,1117846855,2005.06.03,R16-M1-N2-C:J17-U01,2005-06-03-18.00.55.316006,R16-M1-N2-C:J17-U01,RAS,KERNEL,INFO,"CE sym 2, at 0x0b85eec0, mask 0x02",E6,"CE sym <*> at 0x<*>, mask 0x<*>"
14200,-,1117846855,2005.06.03,R16-M1-N2-C:J17-U01,2005-06-03-18.00.55.679455,R16-M1-N2-C:J17-U01,RAS,KERNEL,INFO,"CE sym 2, at 0x0b85f2a0, mask 0x0c",E6,"CE sym <*> at 0x<*>, mask 0x<*>"
14206,-,1117846856,2005.06.03,R16-M1-N2-C:J17-U01,2005-06-03-18.00.56.858367,R16-M1-N2-C:J17-U01,RAS,KERNEL,INFO,"CE sym 2, at 0x0b85ea80, mask 0x08",E6,"CE sym <*> at 0x<*>, mask 0x<*>"
14205,-,1117846856,2005.06.03,R16-M1-N2-C:J17-U01,2005-06-03-18.00.56.672820,R16-M1-N2-C:J17-U01,RAS,KERNEL,INFO,"CE sym 2, at 0x0b85fec0, mask 0x02",E6,"CE sym <*> at 0x<*>, mask 0x<*>"
14203,-,1117846856,2005.06.03,R16-M1-N2-C:J17-U01,2005-06-03-18.00.56.238923,R16-M1-N2-C:J17-U01,RAS,KERNEL,INFO,"CE sym 2, at 0x0b85f8c0, mask 0x01",E6,"CE sym <*> at 0x<*>, mask 0x<*>"
14202,-,1117846856,2005.06.03,R16-M1-N2-C:J17-U01,2005-06-03-18.00.56.092671,R16-M1-N2-C:J17-U01,RAS,KERNEL,INFO,"CE sym 2, at 0x0b85f6e0, mask 0x01",E6,"CE sym <*> at 0x<*>, mask 0x<*>"
14204,-,1117846856,2005.06.03,R16-M1-N2-C:J17-U01,2005-06-03-18.00.56.497058,R16-M1-N2-C:J17-U01,RAS,KERNEL,INFO,"CE sym 2, at 0x0b85faa0, mask 0x02",E6,"CE sym <*> at 0x<*>, mask 0x<*>"
14207,-,1117846857,2005.06.03,R16-M1-N2-C:J17-U01,2005-06-03-18.00.57.118700,R16-M1-N2-C:J17-U01,RAS,KERNEL,INFO,"CE sym 2, at 0x0b85ec80, mask 0x06",E6,"CE sym <*> at 0x<*>, mask 0x<*>"
14210,-,1117846857,2005.06.03,R16-M1-N2-C:J17-U01,2005-06-03-18.00.57.712458,R16-M1-N2-C:J17-U01,RAS,KERNEL,INFO,"CE sym 2, at 0x0b85f2a0, mask 0x0c",E6,"CE sym <*> at 0x<*>, mask 0x<*>"
14211,-,1117846857,2005.06.03,R16-M1-N2-C:J17-U01,2005-06-03-18.00.57.890807,R16-M1-N2-C:J17-U01,RAS,KERNEL,INFO,"CE sym 2, at 0x0b85f480, mask 0x08",E6,"CE sym <*> at 0x<*>, mask 0x<*>"
14209,-,1117846857,2005.06.03,R16-M1-N2-C:J17-U01,2005-06-03-18.00.57.551204,R16-M1-N2-C:J17-U01,RAS,KERNEL,INFO,"CE sym 2, at 0x0b85f0a0, mask 0x08",E6,"CE sym <*> at 0x<*>, mask 0x<*>"
14208,-,1117846857,2005.06.03,R16-M1-N2-C:J17-U01,2005-06-03-18.00.57.269582,R16-M1-N2-C:J17-U01,RAS,KERNEL,INFO,"CE sym 2, at 0x0b85ee80, mask 0x08",E6,"CE sym <*> at 0x<*>, mask 0x<*>"
14216,-,1117846858,2005.06.03,R16-M1-N2-C:J17-U01,2005-06-03-18.00.58.916987,R16-M1-N2-C:J17-U01,RAS,KERNEL,INFO,"CE sym 2, at 0x0b85ea80, mask 0x08",E6,"CE sym <*> at 0x<*>, mask 0x<*>"
14215,-,1117846858,2005.06.03,R16-M1-N2-C:J17-U01,2005-06-03-18.00.58.716637,R16-M1-N2-C:J17-U01,RAS,KERNEL,INFO,"CE sym 2, at 0x0b85fec0, mask 0x02",E6,"CE sym <*> at 0x<*>, mask 0x<*>"
14213,-,1117846858,2005.06.03,R16-M1-N2-C:J17-U01,2005-06-03-18.00.58.277396,R16-M1-N2-C:J17-U01,RAS,KERNEL,INFO,"CE sym 2, at 0x0b85f8c0, mask 0x01",E6,"CE sym <*> at 0x<*>, mask 0x<*>"
14214,-,1117846858,2005.06.03,R16-M1-N2-C:J17-U01,2005-06-03-18.00.58.542115,R16-M1-N2-C:J17-U01,RAS,KERNEL,INFO,"CE sym 2, at 0x0b85faa0, mask 0x02",E6,"CE sym <*> at 0x<*>, mask 0x<*>"
14212,-,1117846858,2005.06.03,R16-M1-N2-C:J17-U01,2005-06-03-18.00.58.130818,R16-M1-N2-C:J17-U01,RAS,KERNEL,INFO,"CE sym 2, at 0x0b85f6e0, mask 0x01",E6,"CE sym <*> at 0x<*>, mask 0x<*>"
14218,-,1117846859,2005.06.03,R16-M1-N2-C:J17-U01,2005-06-03-18.00.59.295174,R16-M1-N2-C:J17-U01,RAS,KERNEL,INFO,"CE sym 2, at 0x0b85eee0, mask 0x04",E6,"CE sym <*> at 0x<*>, mask 0x<*>"
14217,-,1117846859,2005.06.03,R16-M1-N2-C:J17-U01,2005-06-03-18.00.59.151271,R16-M1-N2-C:J17-U01,RAS,KERNEL,INFO,"CE sym 2, at 0x0b85ec80, mask 0x04",E6,"CE sym <*> at 0x<*>, mask 0x<*>"
14221,-,1117846859,2005.06.03,R16-M1-N2-C:J17-U01,2005-06-03-18.00.59.894130,R16-M1-N2-C:J17-U01,RAS,KERNEL,INFO,"CE sym 2, at 0x0b85ea80, mask 0x08",E6,"CE sym <*> at 0x<*>, mask 0x<*>"
14220,-,1117846859,2005.06.03,R16-M1-N2-C:J17-U01,2005-06-03-18.00.59.712283,R16-M1-N2-C:J17-U01,RAS,KERNEL,INFO,"CE sym 2, at 0x0b85f4c0, mask 0x08",E6,"CE sym <*> at 0x<*>, mask 0x<*>"
14219,-,1117846859,2005.06.03,R16-M1-N2-C:J17-U01,2005-06-03-18.00.59.551352,R16-M1-N2-C:J17-U01,RAS,KERNEL,INFO,"CE sym 2, at 0x0b85f2a0, mask 0x0c",E6,"CE sym <*> at 0x<*>, mask 0x<*>"
14225,-,1117846860,2005.06.03,R16-M1-N2-C:J17-U01,2005-06-03-18.01.00.676538,R16-M1-N2-C:J17-U01,RAS,KERNEL,INFO,"CE sym 2, at 0x0b85f2a0, mask 0x0c",E6,"CE sym <*> at 0x<*>, mask 0x<*>"
14223,-,1117846860,2005.06.03,R16-M1-N2-C:J17-U01,2005-06-03-18.01.00.261764,R16-M1-N2-C:J17-U01,RAS,KERNEL,INFO,"CE sym 2, at 0x0b85eec0, mask 0x02",E6,"CE sym <*> at 0x<*>, mask 0x<*>"
14222,-,1117846860,2005.06.03,R16-M1-N2-C:J17-U01,2005-06-03-18.01.00.087913,R16-M1-N2-C:J17-U01,RAS,KERNEL,INFO,"CE sym 2, at 0x0b85ec80, mask 0x06",E6,"CE sym <*> at 0x<*>, mask 0x<*>"
14226,-,1117846860,2005.06.03,R16-M1-N2-C:J17-U01,2005-06-03-18.01.00.821028,R16-M1-N2-C:J17-U01,RAS,KERNEL,INFO,"CE sym 2, at 0x0b85f480, mask 0x08",E6,"CE sym <*> at 0x<*>, mask 0x<*>"
14224,-,1117846860,2005.06.03,R16-M1-N2-C:J17-U01,2005-06-03-18.01.00.445238,R16-M1-N2-C:J17-U01,RAS,KERNEL,INFO,"CE sym 2, at 0x0b85f0a0, mask 0x08",E6,"CE sym <*> at 0x<*>, mask 0x<*>"
14227,-,1117846861,2005.06.03,R16-M1-N2-C:J17-U01,2005-06-03-18.01.01.076003,R16-M1-N2-C:J17-U01,RAS,KERNEL,INFO,"CE sym 2, at 0x0b85f6e0, mask 0x01",E6,"CE sym <*> at 0x<*>, mask 0x<*>"
14232,-,1117846861,2005.06.03,R16-M1-N2-C:J17-U01,2005-06-03-18.01.01.962970,R16-M1-N2-C:J17-U01,RAS,KERNEL,INFO,"CE sym 2, at 0x0b85ec80, mask 0x06",E6,"CE sym <*> at 0x<*>, mask 0x<*>"
14229,-,1117846861,2005.06.03,R16-M1-N2-C:J17-U01,2005-06-03-18.01.01.420731,R16-M1-N2-C:J17-U01,RAS,KERNEL,INFO,"CE sym 2, at 0x0b85faa0, mask 0x02",E6,"CE sym <*> at 0x<*>, mask 0x<*>"
14230,-,1117846861,2005.06.03,R16-M1-N2-C:J17-U01,2005-06-03-18.01.01.619853,R16-M1-N2-C:J17-U01,RAS,KERNEL,INFO,"CE sym 2, at 0x0b85fec0, mask 0x02",E6,"CE sym <*> at 0x<*>, mask 0x<*>"
14228,-,1117846861,2005.06.03,R16-M1-N2-C:J17-U01,2005-06-03-18.01.01.235630,R16-M1-N2-C:J17-U01,RAS,KERNEL,INFO,"CE sym 2, at 0x0b85f8c0, mask 0x01",E6,"CE sym <*> at 0x<*>, mask 0x<*>"
14231,-,1117846861,2005.06.03,R16-M1-N2-C:J17-U01,2005-06-03-18.01.01.783133,R16-M1-N2-C:J17-U01,RAS,KERNEL,INFO,"CE sym 2, at 0x0b85ea80, mask 0x08",E6,"CE sym <*> at 0x<*>, mask 0x<*>"
14234,-,1117846862,2005.06.03,R16-M1-N2-C:J17-U01,2005-06-03-18.01.02.363096,R16-M1-N2-C:J17-U01,RAS,KERNEL,INFO,"CE sym 2, at 0x0b85f0a0, mask 0x08",E6,"CE sym <*> at 0x<*>, mask 0x<*>"
14233,-,1117846862,2005.06.03,R16-M1-N2-C:J17-U01,2005-06-03-18.01.02.214231,R16-M1-N2-C:J17-U01,RAS,KERNEL,INFO,"CE sym 2, at 0x0b85ee80, mask 0x08",E6,"CE sym <*> at 0x<*>, mask 0x<*>"
14235,-,1117846862,2005.06.03,R16-M1-N2-C:J17-U01,2005-06-03-18.01.02.615245,R16-M1-N2-C:J17-U01,RAS,KERNEL,INFO,"CE sym 2, at 0x0b85f2a0, mask 0x0c",E6,"CE sym <*> at 0x<*>, mask 0x<*>"
14236,-,1117846862,2005.06.03,R16-M1-N2-C:J17-U01,2005-06-03-18.01.02.782866,R16-M1-N2-C:J17-U01,RAS,KERNEL,INFO,"CE sym 2, at 0x0b85f480, mask 0x08",E6,"CE sym <*> at 0x<*>, mask 0x<*>"
14237,-,1117846862,2005.06.03,R16-M1-N2-C:J17-U01,2005-06-03-18.01.02.961995,R16-M1-N2-C:J17-U01,RAS,KERNEL,INFO,"CE sym 2, at 0x0b85f6e0, mask 0x01",E6,"CE sym <*> at 0x<*>, mask 0x<*>"
14241,-,1117846863,2005.06.03,R16-M1-N2-C:J17-U01,2005-06-03-18.01.03.739016,R16-M1-N2-C:J17-U01,RAS,KERNEL,INFO,"CE sym 2, at 0x0b85ea80, mask 0x08",E6,"CE sym <*> at 0x<*>, mask 0x<*>"
14240,-,1117846863,2005.06.03,R16-M1-N2-C:J17-U01,2005-06-03-18.01.03.506560,R16-M1-N2-C:J17-U01,RAS,KERNEL,INFO,"CE sym 2, at 0x0b85fec0, mask 0x02",E6,"CE sym <*> at 0x<*>, mask 0x<*>"
14242,-,1117846863,2005.06.03,R16-M1-N2-C:J17-U01,2005-06-03-18.01.03.885590,R16-M1-N2-C:J17-U01,RAS,KERNEL,INFO,"CE sym 2, at 0x0b85ec80, mask 0x04",E6,"CE sym <*> at 0x<*>, mask 0x<*>"
14238,-,1117846863,2005.06.03,R16-M1-N2-C:J17-U01,2005-06-03-18.01.03.157334,R16-M1-N2-C:J17-U01,RAS,KERNEL,INFO,"CE sym 2, at 0x0b85f8c0, mask 0x01",E6,"CE sym <*> at 0x<*>, mask 0x<*>"
14239,-,1117846863,2005.06.03,R16-M1-N2-C:J17-U01,2005-06-03-18.01.03.322304,R16-M1-N2-C:J17-U01,RAS,KERNEL,INFO,"CE sym 2, at 0x0b85faa0, mask 0x02",E6,"CE sym <*> at 0x<*>, mask 0x<*>"
14247,-,1117846864,2005.06.03,R16-M1-N2-C:J17-U01,2005-06-03-18.01.04.849926,R16-M1-N2-C:J17-U01,RAS,KERNEL,INFO,"CE sym 2, at 0x0b85f680, mask 0x0c",E6,"CE sym <*> at 0x<*>, mask 0x<*>"
14244,-,1117846864,2005.06.03,R16-M1-N2-C:J17-U01,2005-06-03-18.01.04.321482,R16-M1-N2-C:J17-U01,RAS,KERNEL,INFO,"CE sym 2, at 0x0b85f080, mask 0x04",E6,"CE sym <*> at 0x<*>, mask 0x<*>"
14243,-,1117846864,2005.06.03,R16-M1-N2-C:J17-U01,2005-06-03-18.01.04.147306,R16-M1-N2-C:J17-U01,RAS,KERNEL,INFO,"CE sym 2, at 0x0b85ee80, mask 0x0c",E6,"CE sym <*> at 0x<*>, mask 0x<*>"
14245,-,1117846864,2005.06.03,R16-M1-N2-C:J17-U01,2005-06-03-18.01.04.494002,R16-M1-N2-C:J17-U01,RAS,KERNEL,INFO,"CE sym 2, at 0x0b85f2a0, mask 0x0c",E6,"CE sym <*> at 0x<*>, mask 0x<*>"
14246,-,1117846864,2005.06.03,R16-M1-N2-C:J17-U01,2005-06-03-18.01.04.691714,R16-M1-N2-C:J17-U01,RAS,KERNEL,INFO,"CE sym 2, at 0x0b85f480, mask 0x08",E6,"CE sym <*> at 0x<*>, mask 0x<*>"
14249,-,1117846865,2005.06.03,R16-M1-N2-C:J17-U01,2005-06-03-18.01.05.263242,R16-M1-N2-C:J17-U01,RAS,KERNEL,INFO,"CE sym 2, at 0x0b85fac0, mask 0x04",E6,"CE sym <*> at 0x<*>, mask 0x<*>"
14250,-,1117846865,2005.06.03,R16-M1-N2-C:J17-U01,2005-06-03-18.01.05.422238,R16-M1-N2-C:J17-U01,RAS,KERNEL,INFO,"CE sym 2, at 0x0b85fec0, mask 0x08",E6,"CE sym <*> at 0x<*>, mask 0x<*>"
14251,-,1117846865,2005.06.03,R16-M1-N2-C:J17-U01,2005-06-03-18.01.05.689112,R16-M1-N2-C:J17-U01,RAS,KERNEL,INFO,"CE sym 2, at 0x0b85ea80, mask 0x08",E6,"CE sym <*> at 0x<*>, mask 0x<*>"
14252,-,1117846865,2005.06.03,R16-M1-N2-C:J17-U01,2005-06-03-18.01.05.855447,R16-M1-N2-C:J17-U01,RAS,KERNEL,INFO,"CE sym 2, at 0x0b85ec80, mask 0x06",E6,"CE sym <*> at 0x<*>, mask 0x<*>"
14248,-,1117846865,2005.06.03,R16-M1-N2-C:J17-U01,2005-06-03-18.01.05.038414,R16-M1-N2-C:J17-U01,RAS,KERNEL,INFO,"CE sym 2, at 0x0b85f8a0, mask 0x04",E6,"CE sym <*> at 0x<*>, mask 0x<*>"
14253,-,1117846866,2005.06.03,R16-M1-N2-C:J17-U01,2005-06-03-18.01.06.044400,R16-M1-N2-C:J17-U01,RAS,KERNEL,INFO,"CE sym 2, at 0x0b85eec0, mask 0x02",E6,"CE sym <*> at 0x<*>, mask 0x<*>"
14256,-,1117846866,2005.06.03,R16-M1-N2-C:J17-U01,2005-06-03-18.01.06.692354,R16-M1-N2-C:J17-U01,RAS,KERNEL,INFO,"CE sym 2, at 0x0b85f480, mask 0x08",E6,"CE sym <*> at 0x<*>, mask 0x<*>"
14255,-,1117846866,2005.06.03,R16-M1-N2-C:J17-U01,2005-06-03-18.01.06.434622,R16-M1-N2-C:J17-U01,RAS,KERNEL,INFO,"CE sym 2, at 0x0b85f2a0, mask 0x0c",E6,"CE sym <*> at 0x<*>, mask 0x<*>"
14254,-,1117846866,2005.06.03,R16-M1-N2-C:J17-U01,2005-06-03-18.01.06.286087,R16-M1-N2-C:J17-U01,RAS,KERNEL,INFO,"CE sym 2, at 0x0b85f0a0, mask 0x08",E6,"CE sym <*> at 0x<*>, mask 0x<*>"
14257,-,1117846866,2005.06.03,R16-M1-N2-C:J17-U01,2005-06-03-18.01.06.861776,R16-M1-N2-C:J17-U01,RAS,KERNEL,INFO,"CE sym 2, at 0x0b85f680, mask 0x0c",E6,"CE sym <*> at 0x<*>, mask 0x<*>"
14259,-,1117846867,2005.06.03,R16-M1-N2-C:J17-U01,2005-06-03-18.01.07.234148,R16-M1-N2-C:J17-U01,RAS,KERNEL,INFO,"CE sym 2, at 0x0b85fa80, mask 0x02",E6,"CE sym <*> at 0x<*>, mask 0x<*>"
14263,-,1117846867,2005.06.03,R16-M1-N2-C:J17-U01,2005-06-03-18.01.07.957817,R16-M1-N2-C:J17-U01,RAS,KERNEL,INFO,"CE sym 2, at 0x0b85ec80, mask 0x07",E6,"CE sym <*> at 0x<*>, mask 0x<*>"
14260,-,1117846867,2005.06.03,R16-M1-N2-C:J17-U01,2005-06-03-18.01.07.391165,R16-M1-N2-C:J17-U01,RAS,KERNEL,INFO,"CE sym 2, at 0x0b85fc80, mask 0x08",E6,"CE sym <*> at 0x<*>, mask 0x<*>"
14261,-,1117846867,2005.06.03,R16-M1-N2-C:J17-U01,2005-06-03-18.01.07.605257,R16-M1-N2-C:J17-U01,RAS,KERNEL,INFO,"CE sym 2, at 0x0b85fea0, mask 0x03",E6,"CE sym <*> at 0x<*>, mask 0x<*>"
14258,-,1117846867,2005.06.03,R16-M1-N2-C:J17-U01,2005-06-03-18.01.07.043481,R16-M1-N2-C:J17-U01,RAS,KERNEL,INFO,"CE sym 2, at 0x0b85f8a0, mask 0x06",E6,"CE sym <*> at 0x<*>, mask 0x<*>"
14262,-,1117846867,2005.06.03,R16-M1-N2-C:J17-U01,2005-06-03-18.01.07.812783,R16-M1-N2-C:J17-U01,RAS,KERNEL,INFO,"CE sym 2, at 0x0b85ea80, mask 0x08",E6,"CE sym <*> at 0x<*>, mask 0x<*>"
14267,-,1117846868,2005.06.03,R16-M1-N2-C:J17-U01,2005-06-03-18.01.08.835239,R16-M1-N2-C:J17-U01,RAS,KERNEL,INFO,"CE sym 2, at 0x0b85f480, mask 0x08",E6,"CE sym <*> at 0x<*>, mask 0x<*>"
14266,-,1117846868,2005.06.03,R16-M1-N2-C:J17-U01,2005-06-03-18.01.08.586758,R16-M1-N2-C:J17-U01,RAS,KERNEL,INFO,"CE sym 2, at 0x0b85f280, mask 0x02",E6,"CE sym <*> at 0x<*>, mask 0x<*>"
14264,-,1117846868,2005.06.03,R16-M1-N2-C:J17-U01,2005-06-03-18.01.08.224732,R16-M1-N2-C:J17-U01,RAS,KERNEL,INFO,"CE sym 2, at 0x0b85ee80, mask 0x0c",E6,"CE sym <*> at 0x<*>, mask 0x<*>"
14265,-,1117846868,2005.06.03,R16-M1-N2-C:J17-U01,2005-06-03-18.01.08.398225,R16-M1-N2-C:J17-U01,RAS,KERNEL,INFO,"CE sym 2, at 0x0b85f080, mask 0x0c",E6,"CE sym <*> at 0x<*>, mask 0x<*>"
14268,-,1117846868,2005.06.03,R16-M1-N2-C:J17-U01,2005-06-03-18.01.08.982454,R16-M1-N2-C:J17-U01,RAS,KERNEL,INFO,"CE sym 2, at 0x0b85f680, mask 0x0e",E6,"CE sym <*> at 0x<*>, mask 0x<*>"
14269,-,1117846869,2005.06.03,R16-M1-N2-C:J17-U01,2005-06-03-18.01.09.219470,R16-M1-N2-C:J17-U01,RAS,KERNEL,INFO,"CE sym 2, at 0x0b85f880, mask 0x0c",E6,"CE sym <*> at 0x<*>, mask 0x<*>"
14271,-,1117846869,2005.06.03,R16-M1-N2-C:J17-U01,2005-06-03-18.01.09.581992,R16-M1-N2-C:J17-U01,RAS,KERNEL,INFO,"CE sym 2, at 0x0b85fc80, mask 0x08",E6,"CE sym <*> at 0x<*>, mask 0x<*>"
14273,-,1117846869,2005.06.03,R16-M1-N2-C:J17-U01,2005-06-03-18.01.09.949061,R16-M1-N2-C:J17-U01,RAS,KERNEL,INFO,"CE sym 2, at 0x0b85ea80, mask 0x08",E6,"CE sym <*> at 0x<*>, mask 0x<*>"
14272,-,1117846869,2005.06.03,R16-M1-N2-C:J17-U01,2005-06-03-18.01.09.779334,R16-M1-N2-C:J17-U01,RAS,KERNEL,INFO,"CE sym 2, at 0x0b85fea0, mask 0x03",E6,"CE sym <*> at 0x<*>, mask 0x<*>"
14270,-,1117846869,2005.06.03,R16-M1-N2-C:J17-U01,2005-06-03-18.01.09.389064,R16-M1-N2-C:J17-U01,RAS,KERNEL,INFO,"CE sym 2, at 0x0b85fa80, mask 0x0a",E6,"CE sym <*> at 0x<*>, mask 0x<*>"
14276,-,1117846870,2005.06.03,R16-M1-N2-C:J17-U01,2005-06-03-18.01.10.518928,R16-M1-N2-C:J17-U01,RAS,KERNEL,INFO,"CE sym 2, at 0x0b85f2a0, mask 0x0c",E6,"CE sym <*> at 0x<*>, mask 0x<*>"
14275,-,1117846870,2005.06.03,R16-M1-N2-C:J17-U01,2005-06-03-18.01.10.372235,R16-M1-N2-C:J17-U01,RAS,KERNEL,INFO,"CE sym 2, at 0x0b85eee0, mask 0x04",E6,"CE sym <*> at 0x<*>, mask 0x<*>"
14277,-,1117846870,2005.06.03,R16-M1-N2-C:J17-U01,2005-06-03-18.01.10.801985,R16-M1-N2-C:J17-U01,RAS,KERNEL,INFO,"CE sym 2, at 0x0b85f4c0, mask 0x08",E6,"CE sym <*> at 0x<*>, mask 0x<*>"
14278,-,1117846870,2005.06.03,R16-M1-N2-C:J17-U01,2005-06-03-18.01.10.958812,R16-M1-N2-C:J17-U01,RAS,KERNEL,INFO,"CE sym 2, at 0x0b85ea80, mask 0x08",E6,"CE sym <*> at 0x<*>, mask 0x<*>"
14274,-,1117846870,2005.06.03,R16-M1-N2-C:J17-U01,2005-06-03-18.01.10.137088,R16-M1-N2-C:J17-U01,RAS,KERNEL,INFO,"CE sym 2, at 0x0b85ec80, mask 0x04",E6,"CE sym <*> at 0x<*>, mask 0x<*>"
14279,-,1117846871,2005.06.03,R16-M1-N2-C:J17-U01,2005-06-03-18.01.11.130891,R16-M1-N2-C:J17-U01,RAS,KERNEL,INFO,"CE sym 2, at 0x0b85ec80, mask 0x06",E6,"CE sym <*> at 0x<*>, mask 0x<*>"
14283,-,1117846871,2005.06.03,R16-M1-N2-C:J17-U01,2005-06-03-18.01.11.917068,R16-M1-N2-C:J17-U01,RAS,KERNEL,INFO,"CE sym 2, at 0x0b85f480, mask 0x08",E6,"CE sym <*> at 0x<*>, mask 0x<*>"
14281,-,1117846871,2005.06.03,R16-M1-N2-C:J17-U01,2005-06-03-18.01.11.537825,R16-M1-N2-C:J17-U01,RAS,KERNEL,INFO,"CE sym 2, at 0x0b85f0a0, mask 0x08",E6,"CE sym <*> at 0x<*>, mask 0x<*>"
14282,-,1117846871,2005.06.03,R16-M1-N2-C:J17-U01,2005-06-03-18.01.11.760275,R16-M1-N2-C:J17-U01,RAS,KERNEL,INFO,"CE sym 2, at 0x0b85f2a0, mask 0x0c",E6,"CE sym <*> at 0x<*>, mask 0x<*>"
14280,-,1117846871,2005.06.03,R16-M1-N2-C:J17-U01,2005-06-03-18.01.11.391249,R16-M1-N2-C:J17-U01,RAS,KERNEL,INFO,"CE sym 2, at 0x0b85eec0, mask 0x02",E6,"CE sym <*> at 0x<*>, mask 0x<*>"
14286,-,1117846872,2005.06.03,R16-M1-N2-C:J17-U01,2005-06-03-18.01.12.496241,R16-M1-N2-C:J17-U01,RAS,KERNEL,INFO,"CE sym 2, at 0x0b85faa0, mask 0x02",E6,"CE sym <*> at 0x<*>, mask 0x<*>"
14285,-,1117846872,2005.06.03,R16-M1-N2-C:J17-U01,2005-06-03-18.01.12.343424,R16-M1-N2-C:J17-U01,RAS,KERNEL,INFO,"CE sym 2, at 0x0b85f8c0, mask 0x01",E6,"CE sym <*> at 0x<*>, mask 0x<*>"
14287,-,1117846872,2005.06.03,R16-M1-N2-C:J17-U01,2005-06-03-18.01.12.673412,R16-M1-N2-C:J17-U01,RAS,KERNEL,INFO,"CE sym 2, at 0x0b85fec0, mask 0x02",E6,"CE sym <*> at 0x<*>, mask 0x<*>"
14284,-,1117846872,2005.06.03,R16-M1-N2-C:J17-U01,2005-06-03-18.01.12.062131,R16-M1-N2-C:J17-U01,RAS,KERNEL,INFO,"CE sym 2, at 0x0b85f6e0, mask 0x01",E6,"CE sym <*> at 0x<*>, mask 0x<*>"
14288,-,1117846872,2005.06.03,R16-M1-N2-C:J17-U01,2005-06-03-18.01.12.922472,R16-M1-N2-C:J17-U01,RAS,KERNEL,INFO,total of 135 ddr error(s) detected and corrected,E7,total of <*> ddr error(s) detected and corrected
14291,-,1117847008,2005.06.03,R16-M1-N2-C:J17-U01,2005-06-03-18.03.28.508495,R16-M1-N2-C:J17-U01,RAS,KERNEL,INFO,"CE sym 2, at 0x0b85ea80, mask 0x08",E6,"CE sym <*> at 0x<*>, mask 0x<*>"
14289,-,1117847008,2005.06.03,R16-M1-N2-C:J17-U01,2005-06-03-18.03.28.248908,R16-M1-N2-C:J17-U01,RAS,KERNEL,INFO,"1 ddr errors(s) detected and corrected on rank 0, symbol 2, bit 4",E4,"<*> ddr errors(s) detected and corrected on rank 0, symbol <*> bit <*>"
14290,-,1117847008,2005.06.03,R13-M0-NA-C:J14-U01,2005-06-03-18.03.28.276260,R13-M0-NA-C:J14-U01,RAS,KERNEL,INFO,475 L3 EDRAM error(s) (dcr 0x0157) detected and corrected,E5,<*> L3 <*> error(s) (dcr 0x<*>) detected and corrected
14292,-,1117847008,2005.06.03,R16-M1-N2-C:J17-U01,2005-06-03-18.03.28.676437,R16-M1-N2-C:J17-U01,RAS,KERNEL,INFO,total of 1 ddr error(s) detected and corrected,E7,total of <*> ddr error(s) detected and corrected
14293,-,1117847426,2005.06.03,R01-M0-N8-C:J02-U11,2005-06-03-18.10.26.653020,R01-M0-N8-C:J02-U11,RAS,KERNEL,INFO,ddr: activating redundant bit steering: rank=0 symbol=2,E8,ddr: activating redundant bit steering: rank=0 <*>
14298,-,1117848105,2005.06.03,R07-M1-N6-C:J05-U01,2005-06-03-18.21.45.347855,R07-M1-N6-C:J05-U01,RAS,KERNEL,INFO,"5 ddr errors(s) detected and corrected on rank 0, symbol 35, bit 1",E4,"<*> ddr errors(s) detected and corrected on rank 0, symbol <*> bit <*>"
14297,-,1117848105,2005.06.03,R06-M1-N6-C:J15-U01,2005-06-03-18.21.45.321124,R06-M1-N6-C:J15-U01,RAS,KERNEL,INFO,1 tree receiver 2 in re-synch state event(s) (dcr 0x019a) detected,E12,<*> tree receiver <*> in re-synch state event(s) (dcr 0x<*>) detected
14296,-,1117848105,2005.06.03,R00-M1-NF-C:J13-U11,2005-06-03-18.21.45.293580,R00-M1-NF-C:J13-U11,RAS,KERNEL,INFO,"1 ddr errors(s) detected and corrected on rank 0, symbol 6, bit 0",E4,"<*> ddr errors(s) detected and corrected on rank 0, symbol <*> bit <*>"
14305,-,1117848105,2005.06.03,R17-M1-N7-C:J11-U11,2005-06-03-18.21.45.703057,R17-M1-N7-C:J11-U11,RAS,KERNEL,INFO,"CE sym 7, at 0x0d58e600, mask 0x20",E6,"CE sym <*> at 0x<*>, mask 0x<*>"
14311,-,1117848105,2005.06.03,R01-M0-N8-C:J02-U11,2005-06-03-18.21.45.864042,R01-M0-N8-C:J02-U11,RAS,KERNEL,INFO,"CE sym 2, at 0x0fa3d060, mask 0x08",E6,"CE sym <*> at 0x<*>, mask 0x<*>"
14307,-,1117848105,2005.06.03,R07-M1-N6-C:J05-U01,2005-06-03-18.21.45.755481,R07-M1-N6-C:J05-U01,RAS,KERNEL,INFO,"CE sym 35, at 0x094df2a0, mask 0x40",E6,"CE sym <*> at 0x<*>, mask 0x<*>"
14294,-,1117848105,2005.06.03,R16-M1-N2-C:J17-U01,2005-06-03-18.21.45.172279,R16-M1-N2-C:J17-U01,RAS,KERNEL,INFO,"255 ddr errors(s) detected and corrected on rank 0, symbol 2, bit 4",E4,"<*> ddr errors(s) detected and corrected on rank 0, symbol <*> bit <*>"
14295,-,1117848105,2005.06.03,R17-M1-N7-C:J11-U11,2005-06-03-18.21.45.219286,R17-M1-N7-C:J11-U11,RAS,KERNEL,INFO,"18 ddr errors(s) detected and corrected on rank 0, symbol 7, bit 2",E4,"<*> ddr errors(s) detected and corrected on rank 0, symbol <*> bit <*>"
14302,-,1117848105,2005.06.03,R01-M0-N5-C:J08-U01,2005-06-03-18.21.45.466209,R01-M0-N5-C:J08-U01,RAS,KERNEL,INFO,"1 ddr errors(s) detected and corrected on rank 0, symbol 10, bit 7",E4,"<*> ddr errors(s) detected and corrected on rank 0, symbol <*> bit <*>"
14303,-,1117848105,2005.06.03,R01-M0-N8-C:J02-U11,2005-06-03-18.21.45.493397,R01-M0-N8-C:J02-U11,RAS,KERNEL,INFO,"30 ddr errors(s) detected and corrected on rank 0, symbol 2, bit 4",E4,"<*> ddr errors(s) detected and corrected on rank 0, symbol <*> bit <*>"
14308,-,1117848105,2005.06.03,R03-M0-NB-C:J10-U11,2005-06-03-18.21.45.795730,R03-M0-NB-C:J10-U11,RAS,KERNEL,INFO,"CE sym 12, at 0x0b786b40, mask 0x01",E6,"CE sym <*> at 0x<*>, mask 0x<*>"
14309,-,1117848105,2005.06.03,R02-M1-N7-C:J16-U01,2005-06-03-18.21.45.826673,R02-M1-N7-C:J16-U01,RAS,KERNEL,INFO,"CE sym 23, at 0x0720b300, mask 0x02",E6,"CE sym <*> at 0x<*>, mask 0x<*>"
14306,-,1117848105,2005.06.03,R00-M1-NF-C:J13-U11,2005-06-03-18.21.45.721867,R00-M1-NF-C:J13-U11,RAS,KERNEL,INFO,"CE sym 6, at 0x0795ad60, mask 0x80",E6,"CE sym <*> at 0x<*>, mask 0x<*>"
14301,-,1117848105,2005.06.03,R02-M1-N7-C:J16-U01,2005-06-03-18.21.45.436953,R02-M1-N7-C:J16-U01,RAS,KERNEL,INFO,"1 ddr errors(s) detected and corrected on rank 0, symbol 23, bit 6",E4,"<*> ddr errors(s) detected and corrected on rank 0, symbol <*> bit <*>"
14299,-,1117848105,2005.06.03,R13-M0-NA-C:J14-U01,2005-06-03-18.21.45.374597,R13-M0-NA-C:J14-U01,RAS,KERNEL,INFO,2246964 L3 EDRAM error(s) (dcr 0x0157) detected and corrected,E5,<*> L3 <*> error(s) (dcr 0x<*>) detected and corrected
14300,-,1117848105,2005.06.03,R03-M0-NB-C:J10-U11,2005-06-03-18.21.45.409711,R03-M0-NB-C:J10-U11,RAS,KERNEL,INFO,"1 ddr errors(s) detected and corrected on rank 0, symbol 12, bit 7",E4,"<*> ddr errors(s) detected and corrected on rank 0, symbol <*> bit <*>"
14304,-,1117848105,2005.06.03,R16-M1-N2-C:J17-U01,2005-06-03-18.21.45.684996,R16-M1-N2-C:J17-U01,RAS,KERNEL,INFO,"255 ddr errors(s) detected and corrected on rank 0, symbol 2, bit 5",E4,"<*> ddr errors(s) detected and corrected on rank 0, symbol <*> bit <*>"
14310,-,1117848105,2005.06.03,R01-M0-N5-C:J08-U01,2005-06-03-18.21.45.845409,R01-M0-N5-C:J08-U01,RAS,KERNEL,INFO,"CE sym 10, at 0x0cc6f0e0, mask 0x01",E6,"CE sym <*> at 0x<*>, mask 0x<*>"
14318,-,1117848106,2005.06.03,R01-M0-N5-C:J08-U01,2005-06-03-18.21.46.311036,R01-M0-N5-C:J08-U01,RAS,KERNEL,INFO,total of 1 ddr error(s) detected and corrected,E7,total of <*> ddr error(s) detected and corrected
14327,-,1117848106,2005.06.03,R01-M0-N8-C:J02-U11,2005-06-03-18.21.46.875888,R01-M0-N8-C:J02-U11,RAS,KERNEL,INFO,"CE sym 2, at 0x0fa3d060, mask 0x08",E6,"CE sym <*> at 0x<*>, mask 0x<*>"
14313,-,1117848106,2005.06.03,R17-M1-N7-C:J11-U11,2005-06-03-18.21.46.177028,R17-M1-N7-C:J11-U11,RAS,KERNEL,INFO,"CE sym 7, at 0x0d58e600, mask 0x20",E6,"CE sym <*> at 0x<*>, mask 0x<*>"
14325,-,1117848106,2005.06.03,R17-M1-N7-C:J11-U11,2005-06-03-18.21.46.838992,R17-M1-N7-C:J11-U11,RAS,KERNEL,INFO,"CE sym 7, at 0x0d58e600, mask 0x20",E6,"CE sym <*> at 0x<*>, mask 0x<*>"
14323,-,1117848106,2005.06.03,R01-M0-N8-C:J02-U11,2005-06-03-18.21.46.613389,R01-M0-N8-C:J02-U11,RAS,KERNEL,INFO,"CE sym 2, at 0x0fa3d060, mask 0x08",E6,"CE sym <*> at 0x<*>, mask 0x<*>"
14324,-,1117848106,2005.06.03,R16-M1-N2-C:J17-U01,2005-06-03-18.21.46.820839,R16-M1-N2-C:J17-U01,RAS,KERNEL,INFO,"CE sym 2, at 0x0b85ea80, mask 0x08",E6,"CE sym <*> at 0x<*>, mask 0x<*>"
14315,-,1117848106,2005.06.03,R07-M1-N6-C:J05-U01,2005-06-03-18.21.46.214141,R07-M1-N6-C:J05-U01,RAS,KERNEL,INFO,"CE sym 35, at 0x094df2a0, mask 0x40",E6,"CE sym <*> at 0x<*>, mask 0x<*>"
14312,-,1117848106,2005.06.03,R16-M1-N2-C:J17-U01,2005-06-03-18.21.46.158883,R16-M1-N2-C:J17-U01,RAS,KERNEL,INFO,"255 ddr errors(s) detected and corrected on rank 0, symbol 2, bit 6",E4,"<*> ddr errors(s) detected and corrected on rank 0, symbol <*> bit <*>"
14322,-,1117848106,2005.06.03,R07-M1-N6-C:J05-U01,2005-06-03-18.21.46.595653,R07-M1-N6-C:J05-U01,RAS,KERNEL,INFO,"CE sym 35, at 0x094df2a0, mask 0x40",E6,"CE sym <*> at 0x<*>, mask 0x<*>"
14326,-,1117848106,2005.06.03,R07-M1-N6-C:J05-U01,2005-06-03-18.21.46.857580,R07-M1-N6-C:J05-U01,RAS,KERNEL,INFO,"CE sym 35, at 0x094df2a0, mask 0x40",E6,"CE sym <*> at 0x<*>, mask 0x<*>"
14314,-,1117848106,2005.06.03,R00-M1-NF-C:J13-U11,2005-06-03-18.21.46.195310,R00-M1-NF-C:J13-U11,RAS,KERNEL,INFO,total of 1 ddr error(s) detected and corrected,E7,total of <*> ddr error(s) detected and corrected
14317,-,1117848106,2005.06.03,R02-M1-N7-C:J16-U01,2005-06-03-18.21.46.291945,R02-M1-N7-C:J16-U01,RAS,KERNEL,INFO,total of 1 ddr error(s) detected and corrected,E7,total of <*> ddr error(s) detected and corrected
14316,-,1117848106,2005.06.03,R03-M0-NB-C:J10-U11,2005-06-03-18.21.46.231985,R03-M0-NB-C:J10-U11,RAS,KERNEL,INFO,total of 1 ddr error(s) detected and corrected,E7,total of <*> ddr error(s) detected and corrected
14321,-,1117848106,2005.06.03,R17-M1-N7-C:J11-U11,2005-06-03-18.21.46.577382,R17-M1-N7-C:J11-U11,RAS,KERNEL,INFO,"CE sym 7, at 0x0d58e600, mask 0x20",E6,"CE sym <*> at 0x<*>, mask 0x<*>"
14320,-,1117848106,2005.06.03,R16-M1-N2-C:J17-U01,2005-06-03-18.21.46.559327,R16-M1-N2-C:J17-U01,RAS,KERNEL,INFO,"255 ddr errors(s) detected and corrected on rank 0, symbol 2, bit 7",E4,"<*> ddr errors(s) detected and corrected on rank 0, symbol <*> bit <*>"
14319,-,1117848106,2005.06.03,R01-M0-N8-C:J02-U11,2005-06-03-18.21.46.328979,R01-M0-N8-C:J02-U11,RAS,KERNEL,INFO,"CE sym 2, at 0x0fa3d060, mask 0x08",E6,"CE sym <*> at 0x<*>, mask 0x<*>"
14333,-,1117848107,2005.06.03,R17-M1-N7-C:J11-U11,2005-06-03-18.21.47.492656,R17-M1-N7-C:J11-U11,RAS,KERNEL,INFO,"CE sym 7, at 0x0d58e600, mask 0x20",E6,"CE sym <*> at 0x<*>, mask 0x<*>"
14329,-,1117848107,2005.06.03,R17-M1-N7-C:J11-U11,2005-06-03-18.21.47.184525,R17-M1-N7-C:J11-U11,RAS,KERNEL,INFO,"CE sym 7, at 0x0d58e600, mask 0x20",E6,"CE sym <*> at 0x<*>, mask 0x<*>"
14337,-,1117848107,2005.06.03,R17-M1-N7-C:J11-U11,2005-06-03-18.21.47.725546,R17-M1-N7-C:J11-U11,RAS,KERNEL,INFO,"CE sym 7, at 0x0d58e600, mask 0x20",E6,"CE sym <*> at 0x<*>, mask 0x<*>"
14332,-,1117848107,2005.06.03,R16-M1-N2-C:J17-U01,2005-06-03-18.21.47.474269,R16-M1-N2-C:J17-U01,RAS,KERNEL,INFO,"CE sym 2, at 0x0b85ec80, mask 0x07",E6,"CE sym <*> at 0x<*>, mask 0x<*>"
14338,-,1117848107,2005.06.03,R01-M0-N8-C:J02-U11,2005-06-03-18.21.47.743619,R01-M0-N8-C:J02-U11,RAS,KERNEL,INFO,"CE sym 2, at 0x0fa3d060, mask 0x08",E6,"CE sym <*> at 0x<*>, mask 0x<*>"
14330,-,1117848107,2005.06.03,R07-M1-N6-C:J05-U01,2005-06-03-18.21.47.202539,R07-M1-N6-C:J05-U01,RAS,KERNEL,INFO,"CE sym 35, at 0x094df2a0, mask 0x40",E6,"CE sym <*> at 0x<*>, mask 0x<*>"
14334,-,1117848107,2005.06.03,R07-M1-N6-C:J05-U01,2005-06-03-18.21.47.515064,R07-M1-N6-C:J05-U01,RAS,KERNEL,INFO,total of 5 ddr error(s) detected and corrected,E7,total of <*> ddr error(s) detected and corrected
14335,-,1117848107,2005.06.03,R01-M0-N8-C:J02-U11,2005-06-03-18.21.47.533107,R01-M0-N8-C:J02-U11,RAS,KERNEL,INFO,"CE sym 2, at 0x0fa3d060, mask 0x08",E6,"CE sym <*> at 0x<*>, mask 0x<*>"
14336,-,1117848107,2005.06.03,R16-M1-N2-C:J17-U01,2005-06-03-18.21.47.706048,R16-M1-N2-C:J17-U01,RAS,KERNEL,INFO,"CE sym 2, at 0x0b85ee80, mask 0x0f",E6,"CE sym <*> at 0x<*>, mask 0x<*>"
14331,-,1117848107,2005.06.03,R01-M0-N8-C:J02-U11,2005-06-03-18.21.47.220868,R01-M0-N8-C:J02-U11,RAS,KERNEL,INFO,"CE sym 2, at 0x0fa3d060, mask 0x08",E6,"CE sym <*> at 0x<*>, mask 0x<*>"
14328,-,1117848107,2005.06.03,R16-M1-N2-C:J17-U01,2005-06-03-18.21.47.166230,R16-M1-N2-C:J17-U01,RAS,KERNEL,INFO,"CE sym 2, at 0x0b85ea80, mask 0x08",E6,"CE sym <*> at 0x<*>, mask 0x<*>"
14348,-,1117848108,2005.06.03,R16-M1-N2-C:J17-U01,2005-06-03-18.21.48.988429,R16-M1-N2-C:J17-U01,RAS,KERNEL,INFO,"CE sym 2, at 0x0b85f680, mask 0x0e",E6,"CE sym <*> at 0x<*>, mask 0x<*>"
14347,-,1117848108,2005.06.03,R01-M0-N8-C:J02-U11,2005-06-03-18.21.48.735818,R01-M0-N8-C:J02-U11,RAS,KERNEL,INFO,"CE sym 2, at 0x0fa3d060, mask 0x08",E6,"CE sym <*> at 0x<*>, mask 0x<*>"
14346,-,1117848108,2005.06.03,R17-M1-N7-C:J11-U11,2005-06-03-18.21.48.717637,R17-M1-N7-C:J11-U11,RAS,KERNEL,INFO,"CE sym 7, at 0x0d58e600, mask 0x20",E6,"CE sym <*> at 0x<*>, mask 0x<*>"
14339,-,1117848108,2005.06.03,R16-M1-N2-C:J17-U01,2005-06-03-18.21.48.075209,R16-M1-N2-C:J17-U01,RAS,KERNEL,INFO,"CE sym 2, at 0x0b85f080, mask 0x0c",E6,"CE sym <*> at 0x<*>, mask 0x<*>"
14344,-,1117848108,2005.06.03,R01-M0-N8-C:J02-U11,2005-06-03-18.21.48.390776,R01-M0-N8-C:J02-U11,RAS,KERNEL,INFO,"CE sym 2, at 0x0fa3d060, mask 0x08",E6,"CE sym <*> at 0x<*>, mask 0x<*>"
14345,-,1117848108,2005.06.03,R16-M1-N2-C:J17-U01,2005-06-03-18.21.48.698954,R16-M1-N2-C:J17-U01,RAS,KERNEL,INFO,"CE sym 2, at 0x0b85f480, mask 0x08",E6,"CE sym <*> at 0x<*>, mask 0x<*>"
14343,-,1117848108,2005.06.03,R17-M1-N7-C:J11-U11,2005-06-03-18.21.48.372447,R17-M1-N7-C:J11-U11,RAS,KERNEL,INFO,"CE sym 7, at 0x0d58e600, mask 0x20",E6,"CE sym <*> at 0x<*>, mask 0x<*>"
14340,-,1117848108,2005.06.03,R17-M1-N7-C:J11-U11,2005-06-03-18.21.48.097759,R17-M1-N7-C:J11-U11,RAS,KERNEL,INFO,"CE sym 7, at 0x0d58e600, mask 0x20",E6,"CE sym <*> at 0x<*>, mask 0x<*>"
14342,-,1117848108,2005.06.03,R16-M1-N2-C:J17-U01,2005-06-03-18.21.48.353425,R16-M1-N2-C:J17-U01,RAS,KERNEL,INFO,"CE sym 2, at 0x0b85f280, mask 0x02",E6,"CE sym <*> at 0x<*>, mask 0x<*>"
14341,-,1117848108,2005.06.03,R01-M0-N8-C:J02-U11,2005-06-03-18.21.48.135238,R01-M0-N8-C:J02-U11,RAS,KERNEL,INFO,"CE sym 2, at 0x0fa3d060, mask 0x08",E6,"CE sym <*> at 0x<*>, mask 0x<*>"
14354,-,1117848109,2005.06.03,R16-M1-N2-C:J17-U01,2005-06-03-18.21.49.609361,R16-M1-N2-C:J17-U01,RAS,KERNEL,INFO,"CE sym 2, at 0x0b85fa80, mask 0x02",E6,"CE sym <*> at 0x<*>, mask 0x<*>"
14353,-,1117848109,2005.06.03,R01-M0-N8-C:J02-U11,2005-06-03-18.21.49.268241,R01-M0-N8-C:J02-U11,RAS,KERNEL,INFO,"CE sym 2, at 0x0fa3d060, mask 0x08",E6,"CE sym <*> at 0x<*>, mask 0x<*>"
14350,-,1117848109,2005.06.03,R01-M0-N8-C:J02-U11,2005-06-03-18.21.49.025320,R01-M0-N8-C:J02-U11,RAS,KERNEL,INFO,"CE sym 2, at 0x0fa3d060, mask 0x08",E6,"CE sym <*> at 0x<*>, mask 0x<*>"
14351,-,1117848109,2005.06.03,R16-M1-N2-C:J17-U01,2005-06-03-18.21.49.225302,R16-M1-N2-C:J17-U01,RAS,KERNEL,INFO,"CE sym 2, at 0x0b85f880, mask 0x0c",E6,"CE sym <*> at 0x<*>, mask 0x<*>"
14352,-,1117848109,2005.06.03,R17-M1-N7-C:J11-U11,2005-06-03-18.21.49.250349,R17-M1-N7-C:J11-U11,RAS,KERNEL,INFO,"CE sym 7, at 0x0d58e600, mask 0x20",E6,"CE sym <*> at 0x<*>, mask 0x<*>"
14349,-,1117848109,2005.06.03,R17-M1-N7-C:J11-U11,2005-06-03-18.21.49.006548,R17-M1-N7-C:J11-U11,RAS,KERNEL,INFO,"CE sym 7, at 0x0d58e600, mask 0x20",E6,"CE sym <*> at 0x<*>, mask 0x<*>"
14358,-,1117848109,2005.06.03,R17-M1-N7-C:J11-U11,2005-06-03-18.21.49.901306,R17-M1-N7-C:J11-U11,RAS,KERNEL,INFO,"CE sym 7, at 0x0d58e600, mask 0x20",E6,"CE sym <*> at 0x<*>, mask 0x<*>"
14355,-,1117848109,2005.06.03,R17-M1-N7-C:J11-U11,2005-06-03-18.21.49.632220,R17-M1-N7-C:J11-U11,RAS,KERNEL,INFO,"CE sym 7, at 0x0d58e600, mask 0x20",E6,"CE sym <*> at 0x<*>, mask 0x<*>"
14359,-,1117848109,2005.06.03,R01-M0-N8-C:J02-U11,2005-06-03-18.21.49.919152,R01-M0-N8-C:J02-U11,RAS,KERNEL,INFO,"CE sym 2, at 0x0fa3d060, mask 0x08",E6,"CE sym <*> at 0x<*>, mask 0x<*>"
14356,-,1117848109,2005.06.03,R01-M0-N8-C:J02-U11,2005-06-03-18.21.49.656811,R01-M0-N8-C:J02-U11,RAS,KERNEL,INFO,"CE sym 2, at 0x0fa3d060, mask 0x08",E6,"CE sym <*> at 0x<*>, mask 0x<*>"
14357,-,1117848109,2005.06.03,R16-M1-N2-C:J17-U01,2005-06-03-18.21.49.883166,R16-M1-N2-C:J17-U01,RAS,KERNEL,INFO,"CE sym 2, at 0x0b85fc80, mask 0x08",E6,"CE sym <*> at 0x<*>, mask 0x<*>"
14367,-,1117848110,2005.06.03,R17-M1-N7-C:J11-U11,2005-06-03-18.21.50.768974,R17-M1-N7-C:J11-U11,RAS,KERNEL,INFO,"CE sym 7, at 0x0d58e600, mask 0x20",E6,"CE sym <*> at 0x<*>, mask 0x<*>"
14368,-,1117848110,2005.06.03,R01-M0-N8-C:J02-U11,2005-06-03-18.21.50.786918,R01-M0-N8-C:J02-U11,RAS,KERNEL,INFO,"CE sym 2, at 0x0fa3d060, mask 0x08",E6,"CE sym <*> at 0x<*>, mask 0x<*>"
14361,-,1117848110,2005.06.03,R17-M1-N7-C:J11-U11,2005-06-03-18.21.50.163218,R17-M1-N7-C:J11-U11,RAS,KERNEL,INFO,"CE sym 7, at 0x0d58e600, mask 0x20",E6,"CE sym <*> at 0x<*>, mask 0x<*>"
14362,-,1117848110,2005.06.03,R01-M0-N8-C:J02-U11,2005-06-03-18.21.50.181103,R01-M0-N8-C:J02-U11,RAS,KERNEL,INFO,"CE sym 2, at 0x0fa3d060, mask 0x08",E6,"CE sym <*> at 0x<*>, mask 0x<*>"
14363,-,1117848110,2005.06.03,R16-M1-N2-C:J17-U01,2005-06-03-18.21.50.393990,R16-M1-N2-C:J17-U01,RAS,KERNEL,INFO,"CE sym 2, at 0x0b85ea80, mask 0x08",E6,"CE sym <*> at 0x<*>, mask 0x<*>"
14365,-,1117848110,2005.06.03,R01-M0-N8-C:J02-U11,2005-06-03-18.21.50.430405,R01-M0-N8-C:J02-U11,RAS,KERNEL,INFO,"CE sym 2, at 0x0fa3d060, mask 0x08",E6,"CE sym <*> at 0x<*>, mask 0x<*>"
14366,-,1117848110,2005.06.03,R16-M1-N2-C:J17-U01,2005-06-03-18.21.50.750644,R16-M1-N2-C:J17-U01,RAS,KERNEL,INFO,"CE sym 2, at 0x0b85ec80, mask 0x06",E6,"CE sym <*> at 0x<*>, mask 0x<*>"
14360,-,1117848110,2005.06.03,R16-M1-N2-C:J17-U01,2005-06-03-18.21.50.138773,R16-M1-N2-C:J17-U01,RAS,KERNEL,INFO,"CE sym 2, at 0x0b85fea0, mask 0x03",E6,"CE sym <*> at 0x<*>, mask 0x<*>"
14364,-,1117848110,2005.06.03,R17-M1-N7-C:J11-U11,2005-06-03-18.21.50.412969,R17-M1-N7-C:J11-U11,RAS,KERNEL,INFO,"CE sym 7, at 0x0d58e600, mask 0x20",E6,"CE sym <*> at 0x<*>, mask 0x<*>"
14378,-,1117848111,2005.06.03,R01-M0-N8-C:J02-U11,2005-06-03-18.21.51.850378,R01-M0-N8-C:J02-U11,RAS,KERNEL,INFO,"CE sym 2, at 0x0fa3d060, mask 0x08",E6,"CE sym <*> at 0x<*>, mask 0x<*>"
14377,-,1117848111,2005.06.03,R16-M1-N2-C:J17-U01,2005-06-03-18.21.51.831623,R16-M1-N2-C:J17-U01,RAS,KERNEL,INFO,"CE sym 2, at 0x0b85f480, mask 0x08",E6,"CE sym <*> at 0x<*>, mask 0x<*>"
14374,-,1117848111,2005.06.03,R01-M0-N8-C:J02-U11,2005-06-03-18.21.51.323132,R01-M0-N8-C:J02-U11,RAS,KERNEL,INFO,"CE sym 2, at 0x0fa3d060, mask 0x08",E6,"CE sym <*> at 0x<*>, mask 0x<*>"
14375,-,1117848111,2005.06.03,R16-M1-N2-C:J17-U01,2005-06-03-18.21.51.640184,R16-M1-N2-C:J17-U01,RAS,KERNEL,INFO,"CE sym 2, at 0x0b85f2a0, mask 0x0c",E6,"CE sym <*> at 0x<*>, mask 0x<*>"
14371,-,1117848111,2005.06.03,R01-M0-N8-C:J02-U11,2005-06-03-18.21.51.107257,R01-M0-N8-C:J02-U11,RAS,KERNEL,INFO,"CE sym 2, at 0x0fa3d060, mask 0x08",E6,"CE sym <*> at 0x<*>, mask 0x<*>"
14369,-,1117848111,2005.06.03,R16-M1-N2-C:J17-U01,2005-06-03-18.21.51.068196,R16-M1-N2-C:J17-U01,RAS,KERNEL,INFO,"CE sym 2, at 0x0b85ee80, mask 0x08",E6,"CE sym <*> at 0x<*>, mask 0x<*>"
14372,-,1117848111,2005.06.03,R16-M1-N2-C:J17-U01,2005-06-03-18.21.51.285794,R16-M1-N2-C:J17-U01,RAS,KERNEL,INFO,"CE sym 2, at 0x0b85f0a0, mask 0x08",E6,"CE sym <*> at 0x<*>, mask 0x<*>"
14376,-,1117848111,2005.06.03,R01-M0-N8-C:J02-U11,2005-06-03-18.21.51.658823,R01-M0-N8-C:J02-U11,RAS,KERNEL,INFO,"CE sym 2, at 0x0fa3d060, mask 0x08",E6,"CE sym <*> at 0x<*>, mask 0x<*>"
14373,-,1117848111,2005.06.03,R17-M1-N7-C:J11-U11,2005-06-03-18.21.51.305666,R17-M1-N7-C:J11-U11,RAS,KERNEL,INFO,total of 18 ddr error(s) detected and corrected,E7,total of <*> ddr error(s) detected and corrected
14370,-,1117848111,2005.06.03,R17-M1-N7-C:J11-U11,2005-06-03-18.21.51.089729,R17-M1-N7-C:J11-U11,RAS,KERNEL,INFO,"CE sym 7, at 0x0d58e600, mask 0x20",E6,"CE sym <*> at 0x<*>, mask 0x<*>"
14384,-,1117848112,2005.06.03,R01-M0-N8-C:J02-U11,2005-06-03-18.21.52.708518,R01-M0-N8-C:J02-U11,RAS,KERNEL,INFO,"CE sym 2, at 0x0fa3d060, mask 0x08",E6,"CE sym <*> at 0x<*>, mask 0x<*>"
14386,-,1117848112,2005.06.03,R01-M0-N8-C:J02-U11,2005-06-03-18.21.52.935791,R01-M0-N8-C:J02-U11,RAS,KERNEL,INFO,"CE sym 2, at 0x0fa3d060, mask 0x08",E6,"CE sym <*> at 0x<*>, mask 0x<*>"
14382,-,1117848112,2005.06.03,R01-M0-N8-C:J02-U11,2005-06-03-18.21.52.449630,R01-M0-N8-C:J02-U11,RAS,KERNEL,INFO,"CE sym 2, at 0x0fa3d060, mask 0x08",E6,"CE sym <*> at 0x<*>, mask 0x<*>"
14383,-,1117848112,2005.06.03,R16-M1-N2-C:J17-U01,2005-06-03-18.21.52.662756,R16-M1-N2-C:J17-U01,RAS,KERNEL,INFO,"CE sym 2, at 0x0b85faa0, mask 0x02",E6,"CE sym <*> at 0x<*>, mask 0x<*>"
14381,-,1117848112,2005.06.03,R16-M1-N2-C:J17-U01,2005-06-03-18.21.52.428958,R16-M1-N2-C:J17-U01,RAS,KERNEL,INFO,"CE sym 2, at 0x0b85f8c0, mask 0x01",E6,"CE sym <*> at 0x<*>, mask 0x<*>"
14379,-,1117848112,2005.06.03,R16-M1-N2-C:J17-U01,2005-06-03-18.21.52.209583,R16-M1-N2-C:J17-U01,RAS,KERNEL,INFO,"CE sym 2, at 0x0b85f6e0, mask 0x01",E6,"CE sym <*> at 0x<*>, mask 0x<*>"
14380,-,1117848112,2005.06.03,R01-M0-N8-C:J02-U11,2005-06-03-18.21.52.233539,R01-M0-N8-C:J02-U11,RAS,KERNEL,INFO,"CE sym 2, at 0x0fa3d060, mask 0x08",E6,"CE sym <*> at 0x<*>, mask 0x<*>"
14385,-,1117848112,2005.06.03,R16-M1-N2-C:J17-U01,2005-06-03-18.21.52.873786,R16-M1-N2-C:J17-U01,RAS,KERNEL,INFO,"CE sym 2, at 0x0b85fec0, mask 0x02",E6,"CE sym <*> at 0x<*>, mask 0x<*>"
14392,-,1117848113,2005.06.03,R01-M0-N8-C:J02-U11,2005-06-03-18.21.53.708728,R01-M0-N8-C:J02-U11,RAS,KERNEL,INFO,"CE sym 2, at 0x0fa3d060, mask 0x08",E6,"CE sym <*> at 0x<*>, mask 0x<*>"
14393,-,1117848113,2005.06.03,R16-M1-N2-C:J17-U01,2005-06-03-18.21.53.872973,R16-M1-N2-C:J17-U01,RAS,KERNEL,INFO,"CE sym 2, at 0x0b85f0a0, mask 0x08",E6,"CE sym <*> at 0x<*>, mask 0x<*>"
14388,-,1117848113,2005.06.03,R01-M0-N8-C:J02-U11,2005-06-03-18.21.53.262393,R01-M0-N8-C:J02-U11,RAS,KERNEL,INFO,"CE sym 2, at 0x0fa3d060, mask 0x08",E6,"CE sym <*> at 0x<*>, mask 0x<*>"
14391,-,1117848113,2005.06.03,R16-M1-N2-C:J17-U01,2005-06-03-18.21.53.689580,R16-M1-N2-C:J17-U01,RAS,KERNEL,INFO,"CE sym 2, at 0x0b85eec0, mask 0x02",E6,"CE sym <*> at 0x<*>, mask 0x<*>"
14390,-,1117848113,2005.06.03,R01-M0-N8-C:J02-U11,2005-06-03-18.21.53.476790,R01-M0-N8-C:J02-U11,RAS,KERNEL,INFO,"CE sym 2, at 0x0fa3d060, mask 0x08",E6,"CE sym <*> at 0x<*>, mask 0x<*>"
14387,-,1117848113,2005.06.03,R16-M1-N2-C:J17-U01,2005-06-03-18.21.53.244286,R16-M1-N2-C:J17-U01,RAS,KERNEL,INFO,"CE sym 2, at 0x0b85ea80, mask 0x08",E6,"CE sym <*> at 0x<*>, mask 0x<*>"
14394,-,1117848113,2005.06.03,R01-M0-N8-C:J02-U11,2005-06-03-18.21.53.890718,R01-M0-N8-C:J02-U11,RAS,KERNEL,INFO,"CE sym 2, at 0x0fa3d060, mask 0x08",E6,"CE sym <*> at 0x<*>, mask 0x<*>"
14389,-,1117848113,2005.06.03,R16-M1-N2-C:J17-U01,2005-06-03-18.21.53.457048,R16-M1-N2-C:J17-U01,RAS,KERNEL,INFO,"CE sym 2, at 0x0b85ec80, mask 0x06",E6,"CE sym <*> at 0x<*>, mask 0x<*>"
14396,-,1117848114,2005.06.03,R01-M0-N8-C:J02-U11,2005-06-03-18.21.54.274321,R01-M0-N8-C:J02-U11,RAS,KERNEL,INFO,"CE sym 2, at 0x0fa3d060, mask 0x08",E6,"CE sym <*> at 0x<*>, mask 0x<*>"
14395,-,1117848114,2005.06.03,R16-M1-N2-C:J17-U01,2005-06-03-18.21.54.256319,R16-M1-N2-C:J17-U01,RAS,KERNEL,INFO,"CE sym 2, at 0x0b85f2a0, mask 0x0c",E6,"CE sym <*> at 0x<*>, mask 0x<*>"
14398,-,1117848114,2005.06.03,R16-M1-N2-C:J17-U01,2005-06-03-18.21.54.788419,R16-M1-N2-C:J17-U01,RAS,KERNEL,INFO,"CE sym 2, at 0x0b85f6e0, mask 0x01",E6,"CE sym <*> at 0x<*>, mask 0x<*>"
14399,-,1117848114,2005.06.03,R16-M1-N2-C:J17-U01,2005-06-03-18.21.54.996445,R16-M1-N2-C:J17-U01,RAS,KERNEL,INFO,"CE sym 2, at 0x0b85f8a0, mask 0x02",E6,"CE sym <*> at 0x<*>, mask 0x<*>"
14397,-,1117848114,2005.06.03,R16-M1-N2-C:J17-U01,2005-06-03-18.21.54.473438,R16-M1-N2-C:J17-U01,RAS,KERNEL,INFO,"CE sym 2, at 0x0b85f480, mask 0x08",E6,"CE sym <*> at 0x<*>, mask 0x<*>"
14403,-,1117848115,2005.06.03,R16-M1-N2-C:J17-U01,2005-06-03-18.21.55.840270,R16-M1-N2-C:J17-U01,RAS,KERNEL,INFO,"CE sym 2, at 0x0b85eec0, mask 0x02",E6,"CE sym <*> at 0x<*>, mask 0x<*>"
14402,-,1117848115,2005.06.03,R16-M1-N2-C:J17-U01,2005-06-03-18.21.55.644414,R16-M1-N2-C:J17-U01,RAS,KERNEL,INFO,"CE sym 2, at 0x0b85ec80, mask 0x06",E6,"CE sym <*> at 0x<*>, mask 0x<*>"
14400,-,1117848115,2005.06.03,R16-M1-N2-C:J17-U01,2005-06-03-18.21.55.213919,R16-M1-N2-C:J17-U01,RAS,KERNEL,INFO,"CE sym 2, at 0x0b85faa0, mask 0x02",E6,"CE sym <*> at 0x<*>, mask 0x<*>"
14401,-,1117848115,2005.06.03,R16-M1-N2-C:J17-U01,2005-06-03-18.21.55.394616,R16-M1-N2-C:J17-U01,RAS,KERNEL,INFO,"CE sym 2, at 0x0b85ea80, mask 0x08",E6,"CE sym <*> at 0x<*>, mask 0x<*>"
14404,-,1117848116,2005.06.03,R16-M1-N2-C:J17-U01,2005-06-03-18.21.56.053058,R16-M1-N2-C:J17-U01,RAS,KERNEL,INFO,"CE sym 2, at 0x0b85f0a0, mask 0x08",E6,"CE sym <*> at 0x<*>, mask 0x<*>"
14406,-,1117848116,2005.06.03,R16-M1-N2-C:J17-U01,2005-06-03-18.21.56.553159,R16-M1-N2-C:J17-U01,RAS,KERNEL,INFO,"CE sym 2, at 0x0b85f480, mask 0x08",E6,"CE sym <*> at 0x<*>, mask 0x<*>"
14407,-,1117848116,2005.06.03,R16-M1-N2-C:J17-U01,2005-06-03-18.21.56.768825,R16-M1-N2-C:J17-U01,RAS,KERNEL,INFO,"CE sym 2, at 0x0b85f6e0, mask 0x01",E6,"CE sym <*> at 0x<*>, mask 0x<*>"
14405,-,1117848116,2005.06.03,R16-M1-N2-C:J17-U01,2005-06-03-18.21.56.349300,R16-M1-N2-C:J17-U01,RAS,KERNEL,INFO,"CE sym 2, at 0x0b85f2a0, mask 0x0c",E6,"CE sym <*> at 0x<*>, mask 0x<*>"
14410,-,1117848117,2005.06.03,R16-M1-N2-C:J17-U01,2005-06-03-18.21.57.528823,R16-M1-N2-C:J17-U01,RAS,KERNEL,INFO,"CE sym 2, at 0x0b85ea80, mask 0x08",E6,"CE sym <*> at 0x<*>, mask 0x<*>"
14411,-,1117848117,2005.06.03,R16-M1-N2-C:J17-U01,2005-06-03-18.21.57.830546,R16-M1-N2-C:J17-U01,RAS,KERNEL,INFO,"CE sym 2, at 0x0b85ec80, mask 0x04",E6,"CE sym <*> at 0x<*>, mask 0x<*>"
14408,-,1117848117,2005.06.03,R16-M1-N2-C:J17-U01,2005-06-03-18.21.57.020029,R16-M1-N2-C:J17-U01,RAS,KERNEL,INFO,"CE sym 2, at 0x0b85f8a0, mask 0x06",E6,"CE sym <*> at 0x<*>, mask 0x<*>"
14409,-,1117848117,2005.06.03,R16-M1-N2-C:J17-U01,2005-06-03-18.21.57.312417,R16-M1-N2-C:J17-U01,RAS,KERNEL,INFO,"CE sym 2, at 0x0b85faa0, mask 0x02",E6,"CE sym <*> at 0x<*>, mask 0x<*>"
14412,-,1117848118,2005.06.03,R16-M1-N2-C:J17-U01,2005-06-03-18.21.58.039786,R16-M1-N2-C:J17-U01,RAS,KERNEL,INFO,"CE sym 2, at 0x0b85eee0, mask 0x05",E6,"CE sym <*> at 0x<*>, mask 0x<*>"
14413,-,1117848118,2005.06.03,R16-M1-N2-C:J17-U01,2005-06-03-18.21.58.345493,R16-M1-N2-C:J17-U01,RAS,KERNEL,INFO,"CE sym 2, at 0x0b85f2a0, mask 0x04",E6,"CE sym <*> at 0x<*>, mask 0x<*>"
14414,-,1117848118,2005.06.03,R16-M1-N2-C:J17-U01,2005-06-03-18.21.58.545745,R16-M1-N2-C:J17-U01,RAS,KERNEL,INFO,"CE sym 2, at 0x0b85f480, mask 0x08",E6,"CE sym <*> at 0x<*>, mask 0x<*>"
14415,-,1117848118,2005.06.03,R16-M1-N2-C:J17-U01,2005-06-03-18.21.58.848006,R16-M1-N2-C:J17-U01,RAS,KERNEL,INFO,"CE sym 2, at 0x0b85f6e0, mask 0x01",E6,"CE sym <*> at 0x<*>, mask 0x<*>"
14418,-,1117848119,2005.06.03,R16-M1-N2-C:J17-U01,2005-06-03-18.21.59.568594,R16-M1-N2-C:J17-U01,RAS,KERNEL,INFO,"CE sym 2, at 0x0b85ec80, mask 0x04",E6,"CE sym <*> at 0x<*>, mask 0x<*>"
14416,-,1117848119,2005.06.03,R16-M1-N2-C:J17-U01,2005-06-03-18.21.59.056541,R16-M1-N2-C:J17-U01,RAS,KERNEL,INFO,"CE sym 2, at 0x0b85faa0, mask 0x02",E6,"CE sym <*> at 0x<*>, mask 0x<*>"
14419,-,1117848119,2005.06.03,R16-M1-N2-C:J17-U01,2005-06-03-18.21.59.871925,R16-M1-N2-C:J17-U01,RAS,KERNEL,INFO,"CE sym 2, at 0x0b85eee0, mask 0x05",E6,"CE sym <*> at 0x<*>, mask 0x<*>"
14417,-,1117848119,2005.06.03,R16-M1-N2-C:J17-U01,2005-06-03-18.21.59.365531,R16-M1-N2-C:J17-U01,RAS,KERNEL,INFO,"CE sym 2, at 0x0b85ea80, mask 0x08",E6,"CE sym <*> at 0x<*>, mask 0x<*>"
14421,-,1117848120,2005.06.03,R16-M1-N2-C:J17-U01,2005-06-03-18.22.00.396203,R16-M1-N2-C:J17-U01,RAS,KERNEL,INFO,"CE sym 2, at 0x0b85f480, mask 0x08",E6,"CE sym <*> at 0x<*>, mask 0x<*>"
14420,-,1117848120,2005.06.03,R16-M1-N2-C:J17-U01,2005-06-03-18.22.00.078583,R16-M1-N2-C:J17-U01,RAS,KERNEL,INFO,"CE sym 2, at 0x0b85f2a0, mask 0x04",E6,"CE sym <*> at 0x<*>, mask 0x<*>"
14422,-,1117848120,2005.06.03,R16-M1-N2-C:J17-U01,2005-06-03-18.22.00.586898,R16-M1-N2-C:J17-U01,RAS,KERNEL,INFO,"CE sym 2, at 0x0b85f6e0, mask 0x01",E6,"CE sym <*> at 0x<*>, mask 0x<*>"
14423,-,1117848120,2005.06.03,R16-M1-N2-C:J17-U01,2005-06-03-18.22.00.843125,R16-M1-N2-C:J17-U01,RAS,KERNEL,INFO,"CE sym 2, at 0x0b85faa0, mask 0x02",E6,"CE sym <*> at 0x<*>, mask 0x<*>"
14427,-,1117848121,2005.06.03,R16-M1-N2-C:J17-U01,2005-06-03-18.22.01.660103,R16-M1-N2-C:J17-U01,RAS,KERNEL,INFO,"CE sym 2, at 0x0b85eee0, mask 0x04",E6,"CE sym <*> at 0x<*>, mask 0x<*>"
14426,-,1117848121,2005.06.03,R16-M1-N2-C:J17-U01,2005-06-03-18.22.01.448255,R16-M1-N2-C:J17-U01,RAS,KERNEL,INFO,"CE sym 2, at 0x0b85ec80, mask 0x04",E6,"CE sym <*> at 0x<*>, mask 0x<*>"
14425,-,1117848121,2005.06.03,R16-M1-N2-C:J17-U01,2005-06-03-18.22.01.253663,R16-M1-N2-C:J17-U01,RAS,KERNEL,INFO,"CE sym 2, at 0x0b85ea80, mask 0x08",E6,"CE sym <*> at 0x<*>, mask 0x<*>"
14424,-,1117848121,2005.06.03,R16-M1-N2-C:J17-U01,2005-06-03-18.22.01.005083,R16-M1-N2-C:J17-U01,RAS,KERNEL,INFO,"CE sym 2, at 0x0b85fec0, mask 0x02",E6,"CE sym <*> at 0x<*>, mask 0x<*>"
14432,-,1117848122,2005.06.03,R16-M1-N2-C:J17-U01,2005-06-03-18.22.02.980974,R16-M1-N2-C:J17-U01,RAS,KERNEL,INFO,"CE sym 2, at 0x0b85eee0, mask 0x04",E6,"CE sym <*> at 0x<*>, mask 0x<*>"
14430,-,1117848122,2005.06.03,R16-M1-N2-C:J17-U01,2005-06-03-18.22.02.472448,R16-M1-N2-C:J17-U01,RAS,KERNEL,INFO,"CE sym 2, at 0x0b85ea80, mask 0x08",E6,"CE sym <*> at 0x<*>, mask 0x<*>"
14431,-,1117848122,2005.06.03,R16-M1-N2-C:J17-U01,2005-06-03-18.22.02.683892,R16-M1-N2-C:J17-U01,RAS,KERNEL,INFO,"CE sym 2, at 0x0b85ec80, mask 0x04",E6,"CE sym <*> at 0x<*>, mask 0x<*>"
14429,-,1117848122,2005.06.03,R16-M1-N2-C:J17-U01,2005-06-03-18.22.02.260862,R16-M1-N2-C:J17-U01,RAS,KERNEL,INFO,"CE sym 2, at 0x0b85f4c0, mask 0x08",E6,"CE sym <*> at 0x<*>, mask 0x<*>"
14428,-,1117848122,2005.06.03,R16-M1-N2-C:J17-U01,2005-06-03-18.22.02.016199,R16-M1-N2-C:J17-U01,RAS,KERNEL,INFO,"CE sym 2, at 0x0b85f2a0, mask 0x0c",E6,"CE sym <*> at 0x<*>, mask 0x<*>"
14436,-,1117848123,2005.06.03,R16-M1-N2-C:J17-U01,2005-06-03-18.22.03.995877,R16-M1-N2-C:J17-U01,RAS,KERNEL,INFO,"CE sym 2, at 0x0b85ec80, mask 0x06",E6,"CE sym <*> at 0x<*>, mask 0x<*>"
14433,-,1117848123,2005.06.03,R16-M1-N2-C:J17-U01,2005-06-03-18.22.03.195964,R16-M1-N2-C:J17-U01,RAS,KERNEL,INFO,"CE sym 2, at 0x0b85f2a0, mask 0x0c",E6,"CE sym <*> at 0x<*>, mask 0x<*>"
14434,-,1117848123,2005.06.03,R16-M1-N2-C:J17-U01,2005-06-03-18.22.03.492187,R16-M1-N2-C:J17-U01,RAS,KERNEL,INFO,"CE sym 2, at 0x0b85f4c0, mask 0x08",E6,"CE sym <*> at 0x<*>, mask 0x<*>"
14435,-,1117848123,2005.06.03,R16-M1-N2-C:J17-U01,2005-06-03-18.22.03.708481,R16-M1-N2-C:J17-U01,RAS,KERNEL,INFO,"CE sym 2, at 0x0b85ea80, mask 0x08",E6,"CE sym <*> at 0x<*>, mask 0x<*>"
14438,-,1117848124,2005.06.03,R16-M1-N2-C:J17-U01,2005-06-03-18.22.04.418504,R16-M1-N2-C:J17-U01,RAS,KERNEL,INFO,"CE sym 2, at 0x0b85f0a0, mask 0x08",E6,"CE sym <*> at 0x<*>, mask 0x<*>"
14439,-,1117848124,2005.06.03,R16-M1-N2-C:J17-U01,2005-06-03-18.22.04.592878,R16-M1-N2-C:J17-U01,RAS,KERNEL,INFO,"CE sym 2, at 0x0b85f2a0, mask 0x0c",E6,"CE sym <*> at 0x<*>, mask 0x<*>"
14440,-,1117848124,2005.06.03,R16-M1-N2-C:J17-U01,2005-06-03-18.22.04.957221,R16-M1-N2-C:J17-U01,RAS,KERNEL,INFO,"CE sym 2, at 0x0b85f480, mask 0x08",E6,"CE sym <*> at 0x<*>, mask 0x<*>"
14437,-,1117848124,2005.06.03,R16-M1-N2-C:J17-U01,2005-06-03-18.22.04.206102,R16-M1-N2-C:J17-U01,RAS,KERNEL,INFO,"CE sym 2, at 0x0b85eec0, mask 0x02",E6,"CE sym <*> at 0x<*>, mask 0x<*>"
14444,-,1117848125,2005.06.03,R16-M1-N2-C:J17-U01,2005-06-03-18.22.05.917428,R16-M1-N2-C:J17-U01,RAS,KERNEL,INFO,"CE sym 2, at 0x0b85ea80, mask 0x08",E6,"CE sym <*> at 0x<*>, mask 0x<*>"
14443,-,1117848125,2005.06.03,R16-M1-N2-C:J17-U01,2005-06-03-18.22.05.686866,R16-M1-N2-C:J17-U01,RAS,KERNEL,INFO,"CE sym 2, at 0x0b85faa0, mask 0x02",E6,"CE sym <*> at 0x<*>, mask 0x<*>"
14441,-,1117848125,2005.06.03,R16-M1-N2-C:J17-U01,2005-06-03-18.22.05.118476,R16-M1-N2-C:J17-U01,RAS,KERNEL,INFO,"CE sym 2, at 0x0b85f6e0, mask 0x01",E6,"CE sym <*> at 0x<*>, mask 0x<*>"
14442,-,1117848125,2005.06.03,R16-M1-N2-C:J17-U01,2005-06-03-18.22.05.480104,R16-M1-N2-C:J17-U01,RAS,KERNEL,INFO,"CE sym 2, at 0x0b85f8a0, mask 0x02",E6,"CE sym <*> at 0x<*>, mask 0x<*>"
14445,-,1117848126,2005.06.03,R16-M1-N2-C:J17-U01,2005-06-03-18.22.06.087009,R16-M1-N2-C:J17-U01,RAS,KERNEL,INFO,"CE sym 2, at 0x0b85ec80, mask 0x06",E6,"CE sym <*> at 0x<*>, mask 0x<*>"
14447,-,1117848126,2005.06.03,R16-M1-N2-C:J17-U01,2005-06-03-18.22.06.585240,R16-M1-N2-C:J17-U01,RAS,KERNEL,INFO,"CE sym 2, at 0x0b85f0a0, mask 0x08",E6,"CE sym <*> at 0x<*>, mask 0x<*>"
14446,-,1117848126,2005.06.03,R16-M1-N2-C:J17-U01,2005-06-03-18.22.06.334169,R16-M1-N2-C:J17-U01,RAS,KERNEL,INFO,"CE sym 2, at 0x0b85eec0, mask 0x02",E6,"CE sym <*> at 0x<*>, mask 0x<*>"
14448,-,1117848126,2005.06.03,R16-M1-N2-C:J17-U01,2005-06-03-18.22.06.822308,R16-M1-N2-C:J17-U01,RAS,KERNEL,INFO,"CE sym 2, at 0x0b85f2a0, mask 0x0c",E6,"CE sym <*> at 0x<*>, mask 0x<*>"
14452,-,1117848127,2005.06.03,R16-M1-N2-C:J17-U01,2005-06-03-18.22.07.747778,R16-M1-N2-C:J17-U01,RAS,KERNEL,INFO,"CE sym 2, at 0x0b85faa0, mask 0x02",E6,"CE sym <*> at 0x<*>, mask 0x<*>"
14453,-,1117848127,2005.06.03,R16-M1-N2-C:J17-U01,2005-06-03-18.22.07.963476,R16-M1-N2-C:J17-U01,RAS,KERNEL,INFO,"CE sym 2, at 0x0b85ea80, mask 0x08",E6,"CE sym <*> at 0x<*>, mask 0x<*>"
14449,-,1117848127,2005.06.03,R16-M1-N2-C:J17-U01,2005-06-03-18.22.07.069761,R16-M1-N2-C:J17-U01,RAS,KERNEL,INFO,"CE sym 2, at 0x0b85f480, mask 0x08",E6,"CE sym <*> at 0x<*>, mask 0x<*>"
14451,-,1117848127,2005.06.03,R16-M1-N2-C:J17-U01,2005-06-03-18.22.07.552184,R16-M1-N2-C:J17-U01,RAS,KERNEL,INFO,"CE sym 2, at 0x0b85f8a0, mask 0x02",E6,"CE sym <*> at 0x<*>, mask 0x<*>"
14450,-,1117848127,2005.06.03,R16-M1-N2-C:J17-U01,2005-06-03-18.22.07.284664,R16-M1-N2-C:J17-U01,RAS,KERNEL,INFO,"CE sym 2, at 0x0b85f6e0, mask 0x01",E6,"CE sym <*> at 0x<*>, mask 0x<*>"
14454,-,1117848128,2005.06.03,R16-M1-N2-C:J17-U01,2005-06-03-18.22.08.166660,R16-M1-N2-C:J17-U01,RAS,KERNEL,INFO,"CE sym 2, at 0x0b85ec80, mask 0x04",E6,"CE sym <*> at 0x<*>, mask 0x<*>"
14456,-,1117848128,2005.06.03,R16-M1-N2-C:J17-U01,2005-06-03-18.22.08.666357,R16-M1-N2-C:J17-U01,RAS,KERNEL,INFO,"CE sym 2, at 0x0b85f2a0, mask 0x04",E6,"CE sym <*> at 0x<*>, mask 0x<*>"
14457,-,1117848128,2005.06.03,R16-M1-N2-C:J17-U01,2005-06-03-18.22.08.971995,R16-M1-N2-C:J17-U01,RAS,KERNEL,INFO,"CE sym 2, at 0x0b85f480, mask 0x08",E6,"CE sym <*> at 0x<*>, mask 0x<*>"
14455,-,1117848128,2005.06.03,R16-M1-N2-C:J17-U01,2005-06-03-18.22.08.504959,R16-M1-N2-C:J17-U01,RAS,KERNEL,INFO,"CE sym 2, at 0x0b85eee0, mask 0x05",E6,"CE sym <*> at 0x<*>, mask 0x<*>"
14460,-,1117848129,2005.06.03,R16-M1-N2-C:J17-U01,2005-06-03-18.22.09.616438,R16-M1-N2-C:J17-U01,RAS,KERNEL,INFO,"CE sym 2, at 0x0b85fec0, mask 0x02",E6,"CE sym <*> at 0x<*>, mask 0x<*>"
14461,-,1117848129,2005.06.03,R16-M1-N2-C:J17-U01,2005-06-03-18.22.09.831742,R16-M1-N2-C:J17-U01,RAS,KERNEL,INFO,"CE sym 2, at 0x0b85ea80, mask 0x08",E6,"CE sym <*> at 0x<*>, mask 0x<*>"
14458,-,1117848129,2005.06.03,R16-M1-N2-C:J17-U01,2005-06-03-18.22.09.148566,R16-M1-N2-C:J17-U01,RAS,KERNEL,INFO,"CE sym 2, at 0x0b85f6e0, mask 0x01",E6,"CE sym <*> at 0x<*>, mask 0x<*>"
14459,-,1117848129,2005.06.03,R16-M1-N2-C:J17-U01,2005-06-03-18.22.09.401291,R16-M1-N2-C:J17-U01,RAS,KERNEL,INFO,"CE sym 2, at 0x0b85faa0, mask 0x02",E6,"CE sym <*> at 0x<*>, mask 0x<*>"
14464,-,1117848130,2005.06.03,R16-M1-N2-C:J17-U01,2005-06-03-18.22.10.591950,R16-M1-N2-C:J17-U01,RAS,KERNEL,INFO,"CE sym 2, at 0x0b85f2a0, mask 0x04",E6,"CE sym <*> at 0x<*>, mask 0x<*>"
14463,-,1117848130,2005.06.03,R16-M1-N2-C:J17-U01,2005-06-03-18.22.10.293774,R16-M1-N2-C:J17-U01,RAS,KERNEL,INFO,"CE sym 2, at 0x0b85eee0, mask 0x05",E6,"CE sym <*> at 0x<*>, mask 0x<*>"
14465,-,1117848130,2005.06.03,R16-M1-N2-C:J17-U01,2005-06-03-18.22.10.784768,R16-M1-N2-C:J17-U01,RAS,KERNEL,INFO,"CE sym 2, at 0x0b85f480, mask 0x08",E6,"CE sym <*> at 0x<*>, mask 0x<*>"
14462,-,1117848130,2005.06.03,R16-M1-N2-C:J17-U01,2005-06-03-18.22.10.095854,R16-M1-N2-C:J17-U01,RAS,KERNEL,INFO,"CE sym 2, at 0x0b85ec80, mask 0x04",E6,"CE sym <*> at 0x<*>, mask 0x<*>"
14469,-,1117848131,2005.06.03,R16-M1-N2-C:J17-U01,2005-06-03-18.22.11.829036,R16-M1-N2-C:J17-U01,RAS,KERNEL,INFO,"CE sym 2, at 0x0b85ea80, mask 0x08",E6,"CE sym <*> at 0x<*>, mask 0x<*>"
14467,-,1117848131,2005.06.03,R16-M1-N2-C:J17-U01,2005-06-03-18.22.11.296667,R16-M1-N2-C:J17-U01,RAS,KERNEL,INFO,"CE sym 2, at 0x0b85f8a0, mask 0x04",E6,"CE sym <*> at 0x<*>, mask 0x<*>"
14466,-,1117848131,2005.06.03,R16-M1-N2-C:J17-U01,2005-06-03-18.22.11.092878,R16-M1-N2-C:J17-U01,RAS,KERNEL,INFO,"CE sym 2, at 0x0b85f6e0, mask 0x01",E6,"CE sym <*> at 0x<*>, mask 0x<*>"
14468,-,1117848131,2005.06.03,R16-M1-N2-C:J17-U01,2005-06-03-18.22.11.617919,R16-M1-N2-C:J17-U01,RAS,KERNEL,INFO,"CE sym 2, at 0x0b85faa0, mask 0x02",E6,"CE sym <*> at 0x<*>, mask 0x<*>"
14470,-,1117848132,2005.06.03,R16-M1-N2-C:J17-U01,2005-06-03-18.22.12.047846,R16-M1-N2-C:J17-U01,RAS,KERNEL,INFO,"CE sym 2, at 0x0b85ec80, mask 0x04",E6,"CE sym <*> at 0x<*>, mask 0x<*>"
14471,-,1117848132,2005.06.03,R16-M1-N2-C:J17-U01,2005-06-03-18.22.12.245828,R16-M1-N2-C:J17-U01,RAS,KERNEL,INFO,"CE sym 2, at 0x0b85eee0, mask 0x04",E6,"CE sym <*> at 0x<*>, mask 0x<*>"
14473,-,1117848132,2005.06.03,R16-M1-N2-C:J17-U01,2005-06-03-18.22.12.666604,R16-M1-N2-C:J17-U01,RAS,KERNEL,INFO,"CE sym 2, at 0x0b85f4c0, mask 0x08",E6,"CE sym <*> at 0x<*>, mask 0x<*>"
14472,-,1117848132,2005.06.03,R16-M1-N2-C:J17-U01,2005-06-03-18.22.12.470007,R16-M1-N2-C:J17-U01,RAS,KERNEL,INFO,"CE sym 2, at 0x0b85f2a0, mask 0x0c",E6,"CE sym <*> at 0x<*>, mask 0x<*>"
14474,-,1117848132,2005.06.03,R16-M1-N2-C:J17-U01,2005-06-03-18.22.12.895832,R16-M1-N2-C:J17-U01,RAS,KERNEL,INFO,"CE sym 2, at 0x0b85ea80, mask 0x08",E6,"CE sym <*> at 0x<*>, mask 0x<*>"
14478,-,1117848133,2005.06.03,R16-M1-N2-C:J17-U01,2005-06-03-18.22.13.768196,R16-M1-N2-C:J17-U01,RAS,KERNEL,INFO,"CE sym 2, at 0x0b85f4c0, mask 0x08",E6,"CE sym <*> at 0x<*>, mask 0x<*>"
14476,-,1117848133,2005.06.03,R16-M1-N2-C:J17-U01,2005-06-03-18.22.13.359992,R16-M1-N2-C:J17-U01,RAS,KERNEL,INFO,"CE sym 2, at 0x0b85eee0, mask 0x0c",E6,"CE sym <*> at 0x<*>, mask 0x<*>"
14477,-,1117848133,2005.06.03,R16-M1-N2-C:J17-U01,2005-06-03-18.22.13.577158,R16-M1-N2-C:J17-U01,RAS,KERNEL,INFO,"CE sym 2, at 0x0b85f2a0, mask 0x0c",E6,"CE sym <*> at 0x<*>, mask 0x<*>"
14475,-,1117848133,2005.06.03,R16-M1-N2-C:J17-U01,2005-06-03-18.22.13.157759,R16-M1-N2-C:J17-U01,RAS,KERNEL,INFO,"CE sym 2, at 0x0b85ec80, mask 0x04",E6,"CE sym <*> at 0x<*>, mask 0x<*>"
14481,-,1117848134,2005.06.03,R16-M1-N2-C:J17-U01,2005-06-03-18.22.14.584579,R16-M1-N2-C:J17-U01,RAS,KERNEL,INFO,"CE sym 2, at 0x0b85eec0, mask 0x02",E6,"CE sym <*> at 0x<*>, mask 0x<*>"
14482,-,1117848134,2005.06.03,R16-M1-N2-C:J17-U01,2005-06-03-18.22.14.767542,R16-M1-N2-C:J17-U01,RAS,KERNEL,INFO,"CE sym 2, at 0x0b85f0a0, mask 0x08",E6,"CE sym <*> at 0x<*>, mask 0x<*>"
14480,-,1117848134,2005.06.03,R16-M1-N2-C:J17-U01,2005-06-03-18.22.14.282267,R16-M1-N2-C:J17-U01,RAS,KERNEL,INFO,"CE sym 2, at 0x0b85ec80, mask 0x06",E6,"CE sym <*> at 0x<*>, mask 0x<*>"
14479,-,1117848134,2005.06.03,R16-M1-N2-C:J17-U01,2005-06-03-18.22.14.082278,R16-M1-N2-C:J17-U01,RAS,KERNEL,INFO,"CE sym 2, at 0x0b85ea80, mask 0x08",E6,"CE sym <*> at 0x<*>, mask 0x<*>"
14484,-,1117848135,2005.06.03,R16-M1-N2-C:J17-U01,2005-06-03-18.22.15.253240,R16-M1-N2-C:J17-U01,RAS,KERNEL,INFO,"CE sym 2, at 0x0b85f480, mask 0x08",E6,"CE sym <*> at 0x<*>, mask 0x<*>"
14483,-,1117848135,2005.06.03,R16-M1-N2-C:J17-U01,2005-06-03-18.22.15.007869,R16-M1-N2-C:J17-U01,RAS,KERNEL,INFO,"CE sym 2, at 0x0b85f2a0, mask 0x0c",E6,"CE sym <*> at 0x<*>, mask 0x<*>"
14487,-,1117848135,2005.06.03,R16-M1-N2-C:J17-U01,2005-06-03-18.22.15.962268,R16-M1-N2-C:J17-U01,RAS,KERNEL,INFO,"CE sym 2, at 0x0b85faa0, mask 0x02",E6,"CE sym <*> at 0x<*>, mask 0x<*>"
14485,-,1117848135,2005.06.03,R16-M1-N2-C:J17-U01,2005-06-03-18.22.15.497637,R16-M1-N2-C:J17-U01,RAS,KERNEL,INFO,"CE sym 2, at 0x0b85f6e0, mask 0x01",E6,"CE sym <*> at 0x<*>, mask 0x<*>"
14486,-,1117848135,2005.06.03,R16-M1-N2-C:J17-U01,2005-06-03-18.22.15.743723,R16-M1-N2-C:J17-U01,RAS,KERNEL,INFO,"CE sym 2, at 0x0b85f8a0, mask 0x04",E6,"CE sym <*> at 0x<*>, mask 0x<*>"
14490,-,1117848136,2005.06.03,R16-M1-N2-C:J17-U01,2005-06-03-18.22.16.641227,R16-M1-N2-C:J17-U01,RAS,KERNEL,INFO,"CE sym 2, at 0x0b85eec0, mask 0x02",E6,"CE sym <*> at 0x<*>, mask 0x<*>"
14488,-,1117848136,2005.06.03,R16-M1-N2-C:J17-U01,2005-06-03-18.22.16.221008,R16-M1-N2-C:J17-U01,RAS,KERNEL,INFO,"CE sym 2, at 0x0b85ea80, mask 0x08",E6,"CE sym <*> at 0x<*>, mask 0x<*>"
14489,-,1117848136,2005.06.03,R16-M1-N2-C:J17-U01,2005-06-03-18.22.16.433261,R16-M1-N2-C:J17-U01,RAS,KERNEL,INFO,"CE sym 2, at 0x0b85ec80, mask 0x06",E6,"CE sym <*> at 0x<*>, mask 0x<*>"
14491,-,1117848136,2005.06.03,R16-M1-N2-C:J17-U01,2005-06-03-18.22.16.833644,R16-M1-N2-C:J17-U01,RAS,KERNEL,INFO,"CE sym 2, at 0x0b85f0a0, mask 0x08",E6,"CE sym <*> at 0x<*>, mask 0x<*>"
14493,-,1117848137,2005.06.03,R16-M1-N2-C:J17-U01,2005-06-03-18.22.17.415236,R16-M1-N2-C:J17-U01,RAS,KERNEL,INFO,"CE sym 2, at 0x0b85f480, mask 0x08",E6,"CE sym <*> at 0x<*>, mask 0x<*>"
14492,-,1117848137,2005.06.03,R16-M1-N2-C:J17-U01,2005-06-03-18.22.17.195105,R16-M1-N2-C:J17-U01,RAS,KERNEL,INFO,"CE sym 2, at 0x0b85f2a0, mask 0x0c",E6,"CE sym <*> at 0x<*>, mask 0x<*>"
14495,-,1117848137,2005.06.03,R16-M1-N2-C:J17-U01,2005-06-03-18.22.17.861786,R16-M1-N2-C:J17-U01,RAS,KERNEL,INFO,"CE sym 2, at 0x0b85f8a0, mask 0x04",E6,"CE sym <*> at 0x<*>, mask 0x<*>"
14494,-,1117848137,2005.06.03,R16-M1-N2-C:J17-U01,2005-06-03-18.22.17.702760,R16-M1-N2-C:J17-U01,RAS,KERNEL,INFO,"CE sym 2, at 0x0b85f6e0, mask 0x01",E6,"CE sym <*> at 0x<*>, mask 0x<*>"
14499,-,1117848138,2005.06.03,R16-M1-N2-C:J17-U01,2005-06-03-18.22.18.877802,R16-M1-N2-C:J17-U01,RAS,KERNEL,INFO,"CE sym 2, at 0x0b85eee0, mask 0x05",E6,"CE sym <*> at 0x<*>, mask 0x<*>"
14498,-,1117848138,2005.06.03,R16-M1-N2-C:J17-U01,2005-06-03-18.22.18.718807,R16-M1-N2-C:J17-U01,RAS,KERNEL,INFO,"CE sym 2, at 0x0b85ec80, mask 0x04",E6,"CE sym <*> at 0x<*>, mask 0x<*>"
14496,-,1117848138,2005.06.03,R16-M1-N2-C:J17-U01,2005-06-03-18.22.18.214350,R16-M1-N2-C:J17-U01,RAS,KERNEL,INFO,"CE sym 2, at 0x0b85faa0, mask 0x02",E6,"CE sym <*> at 0x<*>, mask 0x<*>"
14497,-,1117848138,2005.06.03,R16-M1-N2-C:J17-U01,2005-06-03-18.22.18.373547,R16-M1-N2-C:J17-U01,RAS,KERNEL,INFO,"CE sym 2, at 0x0b85ea80, mask 0x08",E6,"CE sym <*> at 0x<*>, mask 0x<*>"
14503,-,1117848139,2005.06.03,R16-M1-N2-C:J17-U01,2005-06-03-18.22.19.816044,R16-M1-N2-C:J17-U01,RAS,KERNEL,INFO,"CE sym 2, at 0x0b85faa0, mask 0x02",E6,"CE sym <*> at 0x<*>, mask 0x<*>"
14500,-,1117848139,2005.06.03,R16-M1-N2-C:J17-U01,2005-06-03-18.22.19.193321,R16-M1-N2-C:J17-U01,RAS,KERNEL,INFO,"CE sym 2, at 0x0b85f2a0, mask 0x04",E6,"CE sym <*> at 0x<*>, mask 0x<*>"
14501,-,1117848139,2005.06.03,R16-M1-N2-C:J17-U01,2005-06-03-18.22.19.365348,R16-M1-N2-C:J17-U01,RAS,KERNEL,INFO,"CE sym 2, at 0x0b85f480, mask 0x08",E6,"CE sym <*> at 0x<*>, mask 0x<*>"
14502,-,1117848139,2005.06.03,R16-M1-N2-C:J17-U01,2005-06-03-18.22.19.607413,R16-M1-N2-C:J17-U01,RAS,KERNEL,INFO,"CE sym 2, at 0x0b85f6e0, mask 0x01",E6,"CE sym <*> at 0x<*>, mask 0x<*>"
14506,-,1117848140,2005.06.03,R16-M1-N2-C:J17-U01,2005-06-03-18.22.20.499249,R16-M1-N2-C:J17-U01,RAS,KERNEL,INFO,"CE sym 2, at 0x0b85eee0, mask 0x05",E6,"CE sym <*> at 0x<*>, mask 0x<*>"
14505,-,1117848140,2005.06.03,R16-M1-N2-C:J17-U01,2005-06-03-18.22.20.302193,R16-M1-N2-C:J17-U01,RAS,KERNEL,INFO,"CE sym 2, at 0x0b85ec80, mask 0x04",E6,"CE sym <*> at 0x<*>, mask 0x<*>"
14508,-,1117848140,2005.06.03,R16-M1-N2-C:J17-U01,2005-06-03-18.22.20.889707,R16-M1-N2-C:J17-U01,RAS,KERNEL,INFO,"CE sym 2, at 0x0b85f480, mask 0x08",E6,"CE sym <*> at 0x<*>, mask 0x<*>"
14507,-,1117848140,2005.06.03,R16-M1-N2-C:J17-U01,2005-06-03-18.22.20.706322,R16-M1-N2-C:J17-U01,RAS,KERNEL,INFO,"CE sym 2, at 0x0b85f2a0, mask 0x04",E6,"CE sym <*> at 0x<*>, mask 0x<*>"
14504,-,1117848140,2005.06.03,R16-M1-N2-C:J17-U01,2005-06-03-18.22.20.045495,R16-M1-N2-C:J17-U01,RAS,KERNEL,INFO,"CE sym 2, at 0x0b85ea80, mask 0x08",E6,"CE sym <*> at 0x<*>, mask 0x<*>"
14510,-,1117848141,2005.06.03,R16-M1-N2-C:J17-U01,2005-06-03-18.22.21.334396,R16-M1-N2-C:J17-U01,RAS,KERNEL,INFO,"CE sym 2, at 0x0b85fa80, mask 0x02",E6,"CE sym <*> at 0x<*>, mask 0x<*>"
14512,-,1117848141,2005.06.03,R16-M1-N2-C:J17-U01,2005-06-03-18.22.21.750625,R16-M1-N2-C:J17-U01,RAS,KERNEL,INFO,"CE sym 2, at 0x0b85eee0, mask 0x04",E6,"CE sym <*> at 0x<*>, mask 0x<*>"
14513,-,1117848141,2005.06.03,R16-M1-N2-C:J17-U01,2005-06-03-18.22.21.934192,R16-M1-N2-C:J17-U01,RAS,KERNEL,INFO,"CE sym 2, at 0x0b85f2a0, mask 0x0c",E6,"CE sym <*> at 0x<*>, mask 0x<*>"
14509,-,1117848141,2005.06.03,R16-M1-N2-C:J17-U01,2005-06-03-18.22.21.149630,R16-M1-N2-C:J17-U01,RAS,KERNEL,INFO,"CE sym 2, at 0x0b85f6e0, mask 0x01",E6,"CE sym <*> at 0x<*>, mask 0x<*>"
14511,-,1117848141,2005.06.03,R16-M1-N2-C:J17-U01,2005-06-03-18.22.21.537504,R16-M1-N2-C:J17-U01,RAS,KERNEL,INFO,"CE sym 2, at 0x0b85ec80, mask 0x04",E6,"CE sym <*> at 0x<*>, mask 0x<*>"
14517,-,1117848142,2005.06.03,R16-M1-N2-C:J17-U01,2005-06-03-18.22.22.879351,R16-M1-N2-C:J17-U01,RAS,KERNEL,INFO,"CE sym 2, at 0x0b85f2a0, mask 0x0c",E6,"CE sym <*> at 0x<*>, mask 0x<*>"
14516,-,1117848142,2005.06.03,R16-M1-N2-C:J17-U01,2005-06-03-18.22.22.663140,R16-M1-N2-C:J17-U01,RAS,KERNEL,INFO,"CE sym 2, at 0x0b85eee0, mask 0x04",E6,"CE sym <*> at 0x<*>, mask 0x<*>"
14514,-,1117848142,2005.06.03,R16-M1-N2-C:J17-U01,2005-06-03-18.22.22.244069,R16-M1-N2-C:J17-U01,RAS,KERNEL,INFO,"CE sym 2, at 0x0b85f4c0, mask 0x08",E6,"CE sym <*> at 0x<*>, mask 0x<*>"
14515,-,1117848142,2005.06.03,R16-M1-N2-C:J17-U01,2005-06-03-18.22.22.415170,R16-M1-N2-C:J17-U01,RAS,KERNEL,INFO,"CE sym 2, at 0x0b85ec80, mask 0x04",E6,"CE sym <*> at 0x<*>, mask 0x<*>"
14519,-,1117848143,2005.06.03,R16-M1-N2-C:J17-U01,2005-06-03-18.22.23.358583,R16-M1-N2-C:J17-U01,RAS,KERNEL,INFO,"CE sym 2, at 0x0b85ea80, mask 0x08",E6,"CE sym <*> at 0x<*>, mask 0x<*>"
14518,-,1117848143,2005.06.03,R16-M1-N2-C:J17-U01,2005-06-03-18.22.23.082071,R16-M1-N2-C:J17-U01,RAS,KERNEL,INFO,"CE sym 2, at 0x0b85f4c0, mask 0x08",E6,"CE sym <*> at 0x<*>, mask 0x<*>"
14522,-,1117848143,2005.06.03,R16-M1-N2-C:J17-U01,2005-06-03-18.22.23.953314,R16-M1-N2-C:J17-U01,RAS,KERNEL,INFO,"CE sym 2, at 0x0b85f0a0, mask 0x08",E6,"CE sym <*> at 0x<*>, mask 0x<*>"
14521,-,1117848143,2005.06.03,R16-M1-N2-C:J17-U01,2005-06-03-18.22.23.766408,R16-M1-N2-C:J17-U01,RAS,KERNEL,INFO,"CE sym 2, at 0x0b85eec0, mask 0x02",E6,"CE sym <*> at 0x<*>, mask 0x<*>"
14520,-,1117848143,2005.06.03,R16-M1-N2-C:J17-U01,2005-06-03-18.22.23.557022,R16-M1-N2-C:J17-U01,RAS,KERNEL,INFO,"CE sym 2, at 0x0b85ec80, mask 0x06",E6,"CE sym <*> at 0x<*>, mask 0x<*>"
14526,-,1117848144,2005.06.03,R16-M1-N2-C:J17-U01,2005-06-03-18.22.24.809668,R16-M1-N2-C:J17-U01,RAS,KERNEL,INFO,"CE sym 2, at 0x0b85f8a0, mask 0x04",E6,"CE sym <*> at 0x<*>, mask 0x<*>"
14525,-,1117848144,2005.06.03,R16-M1-N2-C:J17-U01,2005-06-03-18.22.24.604881,R16-M1-N2-C:J17-U01,RAS,KERNEL,INFO,"CE sym 2, at 0x0b85f6e0, mask 0x01",E6,"CE sym <*> at 0x<*>, mask 0x<*>"
14527,-,1117848144,2005.06.03,R16-M1-N2-C:J17-U01,2005-06-03-18.22.24.980298,R16-M1-N2-C:J17-U01,RAS,KERNEL,INFO,"CE sym 2, at 0x0b85faa0, mask 0x02",E6,"CE sym <*> at 0x<*>, mask 0x<*>"
14523,-,1117848144,2005.06.03,R16-M1-N2-C:J17-U01,2005-06-03-18.22.24.202145,R16-M1-N2-C:J17-U01,RAS,KERNEL,INFO,"CE sym 2, at 0x0b85f2a0, mask 0x0c",E6,"CE sym <*> at 0x<*>, mask 0x<*>"
14524,-,1117848144,2005.06.03,R16-M1-N2-C:J17-U01,2005-06-03-18.22.24.396126,R16-M1-N2-C:J17-U01,RAS,KERNEL,INFO,"CE sym 2, at 0x0b85f480, mask 0x08",E6,"CE sym <*> at 0x<*>, mask 0x<*>"
14530,-,1117848145,2005.06.03,R16-M1-N2-C:J17-U01,2005-06-03-18.22.25.630606,R16-M1-N2-C:J17-U01,RAS,KERNEL,INFO,"CE sym 2, at 0x0b85eec0, mask 0x02",E6,"CE sym <*> at 0x<*>, mask 0x<*>"
14531,-,1117848145,2005.06.03,R16-M1-N2-C:J17-U01,2005-06-03-18.22.25.924232,R16-M1-N2-C:J17-U01,RAS,KERNEL,INFO,"CE sym 2, at 0x0b85f0a0, mask 0x08",E6,"CE sym <*> at 0x<*>, mask 0x<*>"
14528,-,1117848145,2005.06.03,R16-M1-N2-C:J17-U01,2005-06-03-18.22.25.254266,R16-M1-N2-C:J17-U01,RAS,KERNEL,INFO,"CE sym 2, at 0x0b85ea80, mask 0x08",E6,"CE sym <*> at 0x<*>, mask 0x<*>"
14529,-,1117848145,2005.06.03,R16-M1-N2-C:J17-U01,2005-06-03-18.22.25.419982,R16-M1-N2-C:J17-U01,RAS,KERNEL,INFO,"CE sym 2, at 0x0b85ec80, mask 0x06",E6,"CE sym <*> at 0x<*>, mask 0x<*>"
14533,-,1117848146,2005.06.03,R16-M1-N2-C:J17-U01,2005-06-03-18.22.26.342018,R16-M1-N2-C:J17-U01,RAS,KERNEL,INFO,"CE sym 2, at 0x0b85f480, mask 0x08",E6,"CE sym <*> at 0x<*>, mask 0x<*>"
14532,-,1117848146,2005.06.03,R16-M1-N2-C:J17-U01,2005-06-03-18.22.26.133572,R16-M1-N2-C:J17-U01,RAS,KERNEL,INFO,"CE sym 2, at 0x0b85f2a0, mask 0x0c",E6,"CE sym <*> at 0x<*>, mask 0x<*>"
14535,-,1117848146,2005.06.03,R16-M1-N2-C:J17-U01,2005-06-03-18.22.26.821486,R16-M1-N2-C:J17-U01,RAS,KERNEL,INFO,"CE sym 2, at 0x0b85f8a0, mask 0x04",E6,"CE sym <*> at 0x<*>, mask 0x<*>"
14536,-,1117848146,2005.06.03,R16-M1-N2-C:J17-U01,2005-06-03-18.22.26.995078,R16-M1-N2-C:J17-U01,RAS,KERNEL,INFO,"CE sym 2, at 0x0b85faa0, mask 0x02",E6,"CE sym <*> at 0x<*>, mask 0x<*>"
14534,-,1117848146,2005.06.03,R16-M1-N2-C:J17-U01,2005-06-03-18.22.26.518273,R16-M1-N2-C:J17-U01,RAS,KERNEL,INFO,"CE sym 2, at 0x0b85f6e0, mask 0x01",E6,"CE sym <*> at 0x<*>, mask 0x<*>"
14539,-,1117848147,2005.06.03,R16-M1-N2-C:J17-U01,2005-06-03-18.22.27.717136,R16-M1-N2-C:J17-U01,RAS,KERNEL,INFO,"CE sym 2, at 0x0b85eee0, mask 0x05",E6,"CE sym <*> at 0x<*>, mask 0x<*>"
14538,-,1117848147,2005.06.03,R16-M1-N2-C:J17-U01,2005-06-03-18.22.27.488450,R16-M1-N2-C:J17-U01,RAS,KERNEL,INFO,"CE sym 2, at 0x0b85ec80, mask 0x04",E6,"CE sym <*> at 0x<*>, mask 0x<*>"
14537,-,1117848147,2005.06.03,R16-M1-N2-C:J17-U01,2005-06-03-18.22.27.243628,R16-M1-N2-C:J17-U01,RAS,KERNEL,INFO,"CE sym 2, at 0x0b85ea80, mask 0x08",E6,"CE sym <*> at 0x<*>, mask 0x<*>"
14540,-,1117848147,2005.06.03,R16-M1-N2-C:J17-U01,2005-06-03-18.22.27.961740,R16-M1-N2-C:J17-U01,RAS,KERNEL,INFO,"CE sym 2, at 0x0b85f2a0, mask 0x04",E6,"CE sym <*> at 0x<*>, mask 0x<*>"
14544,-,1117848148,2005.06.03,R16-M1-N2-C:J17-U01,2005-06-03-18.22.28.921491,R16-M1-N2-C:J17-U01,RAS,KERNEL,INFO,"CE sym 2, at 0x0b85ea80, mask 0x08",E6,"CE sym <*> at 0x<*>, mask 0x<*>"
14541,-,1117848148,2005.06.03,R16-M1-N2-C:J17-U01,2005-06-03-18.22.28.173201,R16-M1-N2-C:J17-U01,RAS,KERNEL,INFO,"CE sym 2, at 0x0b85f480, mask 0x08",E6,"CE sym <*> at 0x<*>, mask 0x<*>"
14543,-,1117848148,2005.06.03,R16-M1-N2-C:J17-U01,2005-06-03-18.22.28.569336,R16-M1-N2-C:J17-U01,RAS,KERNEL,INFO,"CE sym 2, at 0x0b85faa0, mask 0x02",E6,"CE sym <*> at 0x<*>, mask 0x<*>"
14542,-,1117848148,2005.06.03,R16-M1-N2-C:J17-U01,2005-06-03-18.22.28.384101,R16-M1-N2-C:J17-U01,RAS,KERNEL,INFO,"CE sym 2, at 0x0b85f6e0, mask 0x01",E6,"CE sym <*> at 0x<*>, mask 0x<*>"
14548,-,1117848149,2005.06.03,R16-M1-N2-C:J17-U01,2005-06-03-18.22.29.923964,R16-M1-N2-C:J17-U01,RAS,KERNEL,INFO,"CE sym 2, at 0x0b85f480, mask 0x08",E6,"CE sym <*> at 0x<*>, mask 0x<*>"
14545,-,1117848149,2005.06.03,R16-M1-N2-C:J17-U01,2005-06-03-18.22.29.082549,R16-M1-N2-C:J17-U01,RAS,KERNEL,INFO,"CE sym 2, at 0x0b85ec80, mask 0x04",E6,"CE sym <*> at 0x<*>, mask 0x<*>"
14546,-,1117848149,2005.06.03,R16-M1-N2-C:J17-U01,2005-06-03-18.22.29.428503,R16-M1-N2-C:J17-U01,RAS,KERNEL,INFO,"CE sym 2, at 0x0b85eee0, mask 0x05",E6,"CE sym <*> at 0x<*>, mask 0x<*>"
14547,-,1117848149,2005.06.03,R16-M1-N2-C:J17-U01,2005-06-03-18.22.29.590270,R16-M1-N2-C:J17-U01,RAS,KERNEL,INFO,"CE sym 2, at 0x0b85f2a0, mask 0x04",E6,"CE sym <*> at 0x<*>, mask 0x<*>"
14551,-,1117848150,2005.06.03,R16-M1-N2-C:J17-U01,2005-06-03-18.22.30.640730,R16-M1-N2-C:J17-U01,RAS,KERNEL,INFO,"CE sym 2, at 0x0b85ec80, mask 0x04",E6,"CE sym <*> at 0x<*>, mask 0x<*>"
14549,-,1117848150,2005.06.03,R16-M1-N2-C:J17-U01,2005-06-03-18.22.30.098509,R16-M1-N2-C:J17-U01,RAS,KERNEL,INFO,"CE sym 2, at 0x0b85f6e0, mask 0x01",E6,"CE sym <*> at 0x<*>, mask 0x<*>"
14552,-,1117848150,2005.06.03,R16-M1-N2-C:J17-U01,2005-06-03-18.22.30.971996,R16-M1-N2-C:J17-U01,RAS,KERNEL,INFO,"CE sym 2, at 0x0b85eee0, mask 0x04",E6,"CE sym <*> at 0x<*>, mask 0x<*>"
14550,-,1117848150,2005.06.03,R16-M1-N2-C:J17-U01,2005-06-03-18.22.30.458959,R16-M1-N2-C:J17-U01,RAS,KERNEL,INFO,"CE sym 2, at 0x0b85faa0, mask 0x02",E6,"CE sym <*> at 0x<*>, mask 0x<*>"
14554,-,1117848151,2005.06.03,R16-M1-N2-C:J17-U01,2005-06-03-18.22.31.471820,R16-M1-N2-C:J17-U01,RAS,KERNEL,INFO,"CE sym 2, at 0x0b85f4c0, mask 0x08",E6,"CE sym <*> at 0x<*>, mask 0x<*>"
14553,-,1117848151,2005.06.03,R16-M1-N2-C:J17-U01,2005-06-03-18.22.31.142669,R16-M1-N2-C:J17-U01,RAS,KERNEL,INFO,"CE sym 2, at 0x0b85f2a0, mask 0x0c",E6,"CE sym <*> at 0x<*>, mask 0x<*>"
14555,-,1117848151,2005.06.03,R16-M1-N2-C:J17-U01,2005-06-03-18.22.31.635527,R16-M1-N2-C:J17-U01,RAS,KERNEL,INFO,"CE sym 2, at 0x0b85ea80, mask 0x08",E6,"CE sym <*> at 0x<*>, mask 0x<*>"
14556,-,1117848151,2005.06.03,R16-M1-N2-C:J17-U01,2005-06-03-18.22.31.999497,R16-M1-N2-C:J17-U01,RAS,KERNEL,INFO,"CE sym 2, at 0x0b85ec80, mask 0x04",E6,"CE sym <*> at 0x<*>, mask 0x<*>"
14557,-,1117848152,2005.06.03,R16-M1-N2-C:J17-U01,2005-06-03-18.22.32.208368,R16-M1-N2-C:J17-U01,RAS,KERNEL,INFO,"CE sym 2, at 0x0b85ee80, mask 0x0c",E6,"CE sym <*> at 0x<*>, mask 0x<*>"
14559,-,1117848152,2005.06.03,R16-M1-N2-C:J17-U01,2005-06-03-18.22.32.718760,R16-M1-N2-C:J17-U01,RAS,KERNEL,INFO,"CE sym 2, at 0x0b85f2a0, mask 0x0c",E6,"CE sym <*> at 0x<*>, mask 0x<*>"
14558,-,1117848152,2005.06.03,R16-M1-N2-C:J17-U01,2005-06-03-18.22.32.521431,R16-M1-N2-C:J17-U01,RAS,KERNEL,INFO,"CE sym 2, at 0x0b85f080, mask 0x04",E6,"CE sym <*> at 0x<*>, mask 0x<*>"
14561,-,1117848153,2005.06.03,R16-M1-N2-C:J17-U01,2005-06-03-18.22.33.225278,R16-M1-N2-C:J17-U01,RAS,KERNEL,INFO,"CE sym 2, at 0x0b85f680, mask 0x0c",E6,"CE sym <*> at 0x<*>, mask 0x<*>"
14563,-,1117848153,2005.06.03,R16-M1-N2-C:J17-U01,2005-06-03-18.22.33.736221,R16-M1-N2-C:J17-U01,RAS,KERNEL,INFO,"CE sym 2, at 0x0b85fac0, mask 0x04",E6,"CE sym <*> at 0x<*>, mask 0x<*>"
14562,-,1117848153,2005.06.03,R16-M1-N2-C:J17-U01,2005-06-03-18.22.33.528412,R16-M1-N2-C:J17-U01,RAS,KERNEL,INFO,"CE sym 2, at 0x0b85f880, mask 0x04",E6,"CE sym <*> at 0x<*>, mask 0x<*>"
14560,-,1117848153,2005.06.03,R16-M1-N2-C:J17-U01,2005-06-03-18.22.33.021813,R16-M1-N2-C:J17-U01,RAS,KERNEL,INFO,"CE sym 2, at 0x0b85f480, mask 0x08",E6,"CE sym <*> at 0x<*>, mask 0x<*>"
14566,-,1117848154,2005.06.03,R16-M1-N2-C:J17-U01,2005-06-03-18.22.34.568982,R16-M1-N2-C:J17-U01,RAS,KERNEL,INFO,"CE sym 2, at 0x0b85ea80, mask 0x08",E6,"CE sym <*> at 0x<*>, mask 0x<*>"
14567,-,1117848154,2005.06.03,R16-M1-N2-C:J17-U01,2005-06-03-18.22.34.762854,R16-M1-N2-C:J17-U01,RAS,KERNEL,INFO,"CE sym 2, at 0x0b85ec80, mask 0x07",E6,"CE sym <*> at 0x<*>, mask 0x<*>"
14565,-,1117848154,2005.06.03,R16-M1-N2-C:J17-U01,2005-06-03-18.22.34.254102,R16-M1-N2-C:J17-U01,RAS,KERNEL,INFO,"CE sym 2, at 0x0b85fec0, mask 0x08",E6,"CE sym <*> at 0x<*>, mask 0x<*>"
14564,-,1117848154,2005.06.03,R16-M1-N2-C:J17-U01,2005-06-03-18.22.34.061737,R16-M1-N2-C:J17-U01,RAS,KERNEL,INFO,"CE sym 2, at 0x0b85fc80, mask 0x08",E6,"CE sym <*> at 0x<*>, mask 0x<*>"
14572,-,1117848155,2005.06.03,R16-M1-N2-C:J17-U01,2005-06-03-18.22.35.932984,R16-M1-N2-C:J17-U01,RAS,KERNEL,INFO,"CE sym 2, at 0x0b85f680, mask 0x0e",E6,"CE sym <*> at 0x<*>, mask 0x<*>"
14571,-,1117848155,2005.06.03,R16-M1-N2-C:J17-U01,2005-06-03-18.22.35.687108,R16-M1-N2-C:J17-U01,RAS,KERNEL,INFO,"CE sym 2, at 0x0b85f480, mask 0x08",E6,"CE sym <*> at 0x<*>, mask 0x<*>"
14570,-,1117848155,2005.06.03,R16-M1-N2-C:J17-U01,2005-06-03-18.22.35.499034,R16-M1-N2-C:J17-U01,RAS,KERNEL,INFO,"CE sym 2, at 0x0b85f280, mask 0x02",E6,"CE sym <*> at 0x<*>, mask 0x<*>"
14569,-,1117848155,2005.06.03,R16-M1-N2-C:J17-U01,2005-06-03-18.22.35.270792,R16-M1-N2-C:J17-U01,RAS,KERNEL,INFO,"CE sym 2, at 0x0b85f080, mask 0x0c",E6,"CE sym <*> at 0x<*>, mask 0x<*>"
14568,-,1117848155,2005.06.03,R16-M1-N2-C:J17-U01,2005-06-03-18.22.35.077569,R16-M1-N2-C:J17-U01,RAS,KERNEL,INFO,"CE sym 2, at 0x0b85ee80, mask 0x05",E6,"CE sym <*> at 0x<*>, mask 0x<*>"
14573,-,1117848156,2005.06.03,R16-M1-N2-C:J17-U01,2005-06-03-18.22.36.135646,R16-M1-N2-C:J17-U01,RAS,KERNEL,INFO,"CE sym 2, at 0x0b85f880, mask 0x04",E6,"CE sym <*> at 0x<*>, mask 0x<*>"
14574,-,1117848156,2005.06.03,R16-M1-N2-C:J17-U01,2005-06-03-18.22.36.350629,R16-M1-N2-C:J17-U01,RAS,KERNEL,INFO,"CE sym 2, at 0x0b85fa80, mask 0x02",E6,"CE sym <*> at 0x<*>, mask 0x<*>"
14575,-,1117848156,2005.06.03,R16-M1-N2-C:J17-U01,2005-06-03-18.22.36.638049,R16-M1-N2-C:J17-U01,RAS,KERNEL,INFO,"CE sym 2, at 0x0b85fcc0, mask 0x09",E6,"CE sym <*> at 0x<*>, mask 0x<*>"
14576,-,1117848156,2005.06.03,R16-M1-N2-C:J17-U01,2005-06-03-18.22.36.851171,R16-M1-N2-C:J17-U01,RAS,KERNEL,INFO,"CE sym 2, at 0x0b85ea80, mask 0x08",E6,"CE sym <*> at 0x<*>, mask 0x<*>"
14579,-,1117848157,2005.06.03,R16-M1-N2-C:J17-U01,2005-06-03-18.22.37.660990,R16-M1-N2-C:J17-U01,RAS,KERNEL,INFO,"CE sym 2, at 0x0b85f0a0, mask 0x08",E6,"CE sym <*> at 0x<*>, mask 0x<*>"
14577,-,1117848157,2005.06.03,R16-M1-N2-C:J17-U01,2005-06-03-18.22.37.139852,R16-M1-N2-C:J17-U01,RAS,KERNEL,INFO,"CE sym 2, at 0x0b85ec80, mask 0x06",E6,"CE sym <*> at 0x<*>, mask 0x<*>"
14578,-,1117848157,2005.06.03,R16-M1-N2-C:J17-U01,2005-06-03-18.22.37.350091,R16-M1-N2-C:J17-U01,RAS,KERNEL,INFO,"CE sym 2, at 0x0b85eec0, mask 0x02",E6,"CE sym <*> at 0x<*>, mask 0x<*>"
14580,-,1117848157,2005.06.03,R16-M1-N2-C:J17-U01,2005-06-03-18.22.37.862736,R16-M1-N2-C:J17-U01,RAS,KERNEL,INFO,"CE sym 2, at 0x0b85f2a0, mask 0x0c",E6,"CE sym <*> at 0x<*>, mask 0x<*>"
14582,-,1117848158,2005.06.03,R16-M1-N2-C:J17-U01,2005-06-03-18.22.38.270017,R16-M1-N2-C:J17-U01,RAS,KERNEL,INFO,"CE sym 2, at 0x0b85f6e0, mask 0x01",E6,"CE sym <*> at 0x<*>, mask 0x<*>"
14583,-,1117848158,2005.06.03,R16-M1-N2-C:J17-U01,2005-06-03-18.22.38.620334,R16-M1-N2-C:J17-U01,RAS,KERNEL,INFO,"CE sym 2, at 0x0b85f8e0, mask 0x02",E6,"CE sym <*> at 0x<*>, mask 0x<*>"
14581,-,1117848158,2005.06.03,R16-M1-N2-C:J17-U01,2005-06-03-18.22.38.079708,R16-M1-N2-C:J17-U01,RAS,KERNEL,INFO,"CE sym 2, at 0x0b85f480, mask 0x08",E6,"CE sym <*> at 0x<*>, mask 0x<*>"
14584,-,1117848158,2005.06.03,R16-M1-N2-C:J17-U01,2005-06-03-18.22.38.837642,R16-M1-N2-C:J17-U01,RAS,KERNEL,INFO,"CE sym 2, at 0x0b85faa0, mask 0x02",E6,"CE sym <*> at 0x<*>, mask 0x<*>"
14586,-,1117848159,2005.06.03,R16-M1-N2-C:J17-U01,2005-06-03-18.22.39.347112,R16-M1-N2-C:J17-U01,RAS,KERNEL,INFO,"CE sym 2, at 0x0b85ec80, mask 0x05",E6,"CE sym <*> at 0x<*>, mask 0x<*>"
14587,-,1117848159,2005.06.03,R16-M1-N2-C:J17-U01,2005-06-03-18.22.39.594916,R16-M1-N2-C:J17-U01,RAS,KERNEL,INFO,"CE sym 2, at 0x0b85ee80, mask 0x03",E6,"CE sym <*> at 0x<*>, mask 0x<*>"
14585,-,1117848159,2005.06.03,R16-M1-N2-C:J17-U01,2005-06-03-18.22.39.151944,R16-M1-N2-C:J17-U01,RAS,KERNEL,INFO,"CE sym 2, at 0x0b85ea80, mask 0x08",E6,"CE sym <*> at 0x<*>, mask 0x<*>"
14588,-,1117848159,2005.06.03,R16-M1-N2-C:J17-U01,2005-06-03-18.22.39.768565,R16-M1-N2-C:J17-U01,RAS,KERNEL,INFO,"CE sym 2, at 0x0b85f080, mask 0x04",E6,"CE sym <*> at 0x<*>, mask 0x<*>"
14593,-,1117848160,2005.06.03,R16-M1-N2-C:J17-U01,2005-06-03-18.22.40.808542,R16-M1-N2-C:J17-U01,RAS,KERNEL,INFO,"CE sym 2, at 0x0b85fa80, mask 0x02",E6,"CE sym <*> at 0x<*>, mask 0x<*>"
14591,-,1117848160,2005.06.03,R16-M1-N2-C:J17-U01,2005-06-03-18.22.40.415823,R16-M1-N2-C:J17-U01,RAS,KERNEL,INFO,"CE sym 2, at 0x0b85f680, mask 0x04",E6,"CE sym <*> at 0x<*>, mask 0x<*>"
14589,-,1117848160,2005.06.03,R16-M1-N2-C:J17-U01,2005-06-03-18.22.40.017332,R16-M1-N2-C:J17-U01,RAS,KERNEL,INFO,"CE sym 2, at 0x0b85f2a0, mask 0x05",E6,"CE sym <*> at 0x<*>, mask 0x<*>"
14590,-,1117848160,2005.06.03,R16-M1-N2-C:J17-U01,2005-06-03-18.22.40.215575,R16-M1-N2-C:J17-U01,RAS,KERNEL,INFO,"CE sym 2, at 0x0b85f480, mask 0x08",E6,"CE sym <*> at 0x<*>, mask 0x<*>"
14592,-,1117848160,2005.06.03,R16-M1-N2-C:J17-U01,2005-06-03-18.22.40.622976,R16-M1-N2-C:J17-U01,RAS,KERNEL,INFO,"CE sym 2, at 0x0b85f8a0, mask 0x04",E6,"CE sym <*> at 0x<*>, mask 0x<*>"
14595,-,1117848161,2005.06.03,R16-M1-N2-C:J17-U01,2005-06-03-18.22.41.316946,R16-M1-N2-C:J17-U01,RAS,KERNEL,INFO,"CE sym 2, at 0x0b85fea0, mask 0x02",E6,"CE sym <*> at 0x<*>, mask 0x<*>"
14594,-,1117848161,2005.06.03,R16-M1-N2-C:J17-U01,2005-06-03-18.22.41.154972,R16-M1-N2-C:J17-U01,RAS,KERNEL,INFO,"CE sym 2, at 0x0b85fca0, mask 0x01",E6,"CE sym <*> at 0x<*>, mask 0x<*>"
14596,-,1117848161,2005.06.03,R16-M1-N2-C:J17-U01,2005-06-03-18.22.41.655315,R16-M1-N2-C:J17-U01,RAS,KERNEL,INFO,"CE sym 2, at 0x0b85ea80, mask 0x08",E6,"CE sym <*> at 0x<*>, mask 0x<*>"
14597,-,1117848161,2005.06.03,R16-M1-N2-C:J17-U01,2005-06-03-18.22.41.811508,R16-M1-N2-C:J17-U01,RAS,KERNEL,INFO,"CE sym 2, at 0x0b85ec80, mask 0x05",E6,"CE sym <*> at 0x<*>, mask 0x<*>"
14598,-,1117848162,2005.06.03,R16-M1-N2-C:J17-U01,2005-06-03-18.22.42.120521,R16-M1-N2-C:J17-U01,RAS,KERNEL,INFO,"CE sym 2, at 0x0b85ee80, mask 0x03",E6,"CE sym <*> at 0x<*>, mask 0x<*>"
14599,-,1117848162,2005.06.03,R16-M1-N2-C:J17-U01,2005-06-03-18.22.42.306644,R16-M1-N2-C:J17-U01,RAS,KERNEL,INFO,"CE sym 2, at 0x0b85f080, mask 0x04",E6,"CE sym <*> at 0x<*>, mask 0x<*>"
14601,-,1117848162,2005.06.03,R16-M1-N2-C:J17-U01,2005-06-03-18.22.42.749057,R16-M1-N2-C:J17-U01,RAS,KERNEL,INFO,"CE sym 2, at 0x0b85f480, mask 0x08",E6,"CE sym <*> at 0x<*>, mask 0x<*>"
14602,-,1117848162,2005.06.03,R16-M1-N2-C:J17-U01,2005-06-03-18.22.42.953010,R16-M1-N2-C:J17-U01,RAS,KERNEL,INFO,"CE sym 2, at 0x0b85f680, mask 0x04",E6,"CE sym <*> at 0x<*>, mask 0x<*>"
14600,-,1117848162,2005.06.03,R16-M1-N2-C:J17-U01,2005-06-03-18.22.42.578421,R16-M1-N2-C:J17-U01,RAS,KERNEL,INFO,"CE sym 2, at 0x0b85f2a0, mask 0x05",E6,"CE sym <*> at 0x<*>, mask 0x<*>"
14606,-,1117848163,2005.06.03,R16-M1-N2-C:J17-U01,2005-06-03-18.22.43.777368,R16-M1-N2-C:J17-U01,RAS,KERNEL,INFO,"CE sym 2, at 0x0b85fea0, mask 0x02",E6,"CE sym <*> at 0x<*>, mask 0x<*>"
14605,-,1117848163,2005.06.03,R16-M1-N2-C:J17-U01,2005-06-03-18.22.43.594497,R16-M1-N2-C:J17-U01,RAS,KERNEL,INFO,"CE sym 2, at 0x0b85fca0, mask 0x01",E6,"CE sym <*> at 0x<*>, mask 0x<*>"
14603,-,1117848163,2005.06.03,R16-M1-N2-C:J17-U01,2005-06-03-18.22.43.169249,R16-M1-N2-C:J17-U01,RAS,KERNEL,INFO,"CE sym 2, at 0x0b85f8a0, mask 0x04",E6,"CE sym <*> at 0x<*>, mask 0x<*>"
14604,-,1117848163,2005.06.03,R16-M1-N2-C:J17-U01,2005-06-03-18.22.43.338783,R16-M1-N2-C:J17-U01,RAS,KERNEL,INFO,"CE sym 2, at 0x0b85fa80, mask 0x02",E6,"CE sym <*> at 0x<*>, mask 0x<*>"
14607,-,1117848163,2005.06.03,R16-M1-N2-C:J17-U01,2005-06-03-18.22.43.983930,R16-M1-N2-C:J17-U01,RAS,KERNEL,INFO,"CE sym 2, at 0x0b85ea80, mask 0x08",E6,"CE sym <*> at 0x<*>, mask 0x<*>"
14611,-,1117848164,2005.06.03,R16-M1-N2-C:J17-U01,2005-06-03-18.22.44.887067,R16-M1-N2-C:J17-U01,RAS,KERNEL,INFO,"CE sym 2, at 0x0b85f2a0, mask 0x0c",E6,"CE sym <*> at 0x<*>, mask 0x<*>"
14610,-,1117848164,2005.06.03,R16-M1-N2-C:J17-U01,2005-06-03-18.22.44.728368,R16-M1-N2-C:J17-U01,RAS,KERNEL,INFO,"CE sym 2, at 0x0b85f080, mask 0x04",E6,"CE sym <*> at 0x<*>, mask 0x<*>"
14608,-,1117848164,2005.06.03,R16-M1-N2-C:J17-U01,2005-06-03-18.22.44.191471,R16-M1-N2-C:J17-U01,RAS,KERNEL,INFO,"CE sym 2, at 0x0b85ec80, mask 0x04",E6,"CE sym <*> at 0x<*>, mask 0x<*>"
14609,-,1117848164,2005.06.03,R16-M1-N2-C:J17-U01,2005-06-03-18.22.44.362620,R16-M1-N2-C:J17-U01,RAS,KERNEL,INFO,"CE sym 2, at 0x0b85ee80, mask 0x0c",E6,"CE sym <*> at 0x<*>, mask 0x<*>"
14613,-,1117848165,2005.06.03,R16-M1-N2-C:J17-U01,2005-06-03-18.22.45.376483,R16-M1-N2-C:J17-U01,RAS,KERNEL,INFO,"CE sym 2, at 0x0b85f680, mask 0x0c",E6,"CE sym <*> at 0x<*>, mask 0x<*>"
14612,-,1117848165,2005.06.03,R16-M1-N2-C:J17-U01,2005-06-03-18.22.45.217719,R16-M1-N2-C:J17-U01,RAS,KERNEL,INFO,"CE sym 2, at 0x0b85f480, mask 0x08",E6,"CE sym <*> at 0x<*>, mask 0x<*>"
14615,-,1117848165,2005.06.03,R16-M1-N2-C:J17-U01,2005-06-03-18.22.45.819724,R16-M1-N2-C:J17-U01,RAS,KERNEL,INFO,"CE sym 2, at 0x0b85fac0, mask 0x04",E6,"CE sym <*> at 0x<*>, mask 0x<*>"
14614,-,1117848165,2005.06.03,R16-M1-N2-C:J17-U01,2005-06-03-18.22.45.625308,R16-M1-N2-C:J17-U01,RAS,KERNEL,INFO,"CE sym 2, at 0x0b85f880, mask 0x04",E6,"CE sym <*> at 0x<*>, mask 0x<*>"
14616,-,1117848166,2005.06.03,R16-M1-N2-C:J17-U01,2005-06-03-18.22.46.032468,R16-M1-N2-C:J17-U01,RAS,KERNEL,INFO,"CE sym 2, at 0x0b85fc80, mask 0x08",E6,"CE sym <*> at 0x<*>, mask 0x<*>"
14617,-,1117848166,2005.06.03,R16-M1-N2-C:J17-U01,2005-06-03-18.22.46.322108,R16-M1-N2-C:J17-U01,RAS,KERNEL,INFO,"CE sym 2, at 0x0b85fec0, mask 0x08",E6,"CE sym <*> at 0x<*>, mask 0x<*>"
14619,-,1117848166,2005.06.03,R16-M1-N2-C:J17-U01,2005-06-03-18.22.46.727270,R16-M1-N2-C:J17-U01,RAS,KERNEL,INFO,"CE sym 2, at 0x0b85ec80, mask 0x04",E6,"CE sym <*> at 0x<*>, mask 0x<*>"
14620,-,1117848166,2005.06.03,R16-M1-N2-C:J17-U01,2005-06-03-18.22.46.910952,R16-M1-N2-C:J17-U01,RAS,KERNEL,INFO,"CE sym 2, at 0x0b85ee80, mask 0x0c",E6,"CE sym <*> at 0x<*>, mask 0x<*>"
14618,-,1117848166,2005.06.03,R16-M1-N2-C:J17-U01,2005-06-03-18.22.46.524354,R16-M1-N2-C:J17-U01,RAS,KERNEL,INFO,"CE sym 2, at 0x0b85ea80, mask 0x08",E6,"CE sym <*> at 0x<*>, mask 0x<*>"
14621,-,1117848167,2005.06.03,R16-M1-N2-C:J17-U01,2005-06-03-18.22.47.184176,R16-M1-N2-C:J17-U01,RAS,KERNEL,INFO,"CE sym 2, at 0x0b85f080, mask 0x04",E6,"CE sym <*> at 0x<*>, mask 0x<*>"
14622,-,1117848167,2005.06.03,R16-M1-N2-C:J17-U01,2005-06-03-18.22.47.350520,R16-M1-N2-C:J17-U01,RAS,KERNEL,INFO,"CE sym 2, at 0x0b85f2a0, mask 0x0c",E6,"CE sym <*> at 0x<*>, mask 0x<*>"
14623,-,1117848167,2005.06.03,R16-M1-N2-C:J17-U01,2005-06-03-18.22.47.557331,R16-M1-N2-C:J17-U01,RAS,KERNEL,INFO,"CE sym 2, at 0x0b85f480, mask 0x08",E6,"CE sym <*> at 0x<*>, mask 0x<*>"
14624,-,1117848167,2005.06.03,R16-M1-N2-C:J17-U01,2005-06-03-18.22.47.830758,R16-M1-N2-C:J17-U01,RAS,KERNEL,INFO,"CE sym 2, at 0x0b85f680, mask 0x0c",E6,"CE sym <*> at 0x<*>, mask 0x<*>"
14626,-,1117848168,2005.06.03,R16-M1-N2-C:J17-U01,2005-06-03-18.22.48.269735,R16-M1-N2-C:J17-U01,RAS,KERNEL,INFO,total of 1259 ddr error(s) detected and corrected,E7,total of <*> ddr error(s) detected and corrected
14625,-,1117848168,2005.06.03,R16-M1-N2-C:J17-U01,2005-06-03-18.22.48.027212,R16-M1-N2-C:J17-U01,RAS,KERNEL,INFO,"CE sym 2, at 0x0b85f880, mask 0x04",E6,"CE sym <*> at 0x<*>, mask 0x<*>"
14630,-,1117849916,2005.06.03,R03-M1-N9-C:J09-U11,2005-06-03-18.51.56.448763,R03-M1-N9-C:J09-U11,RAS,KERNEL,INFO,"2 ddr errors(s) detected and corrected on rank 0, symbol 25, bit 1",E4,"<*> ddr errors(s) detected and corrected on rank 0, symbol <*> bit <*>"
14640,-,1117849916,2005.06.03,R15-M1-N6-C:J04-U11,2005-06-03-18.51.56.906454,R15-M1-N6-C:J04-U11,RAS,KERNEL,INFO,"CE sym 14, at 0x06047860, mask 0x20",E6,"CE sym <*> at 0x<*>, mask 0x<*>"
14637,-,1117849916,2005.06.03,R03-M1-N2-C:J13-U01,2005-06-03-18.51.56.841462,R03-M1-N2-C:J13-U01,RAS,KERNEL,INFO,"CE sym 26, at 0x06b3e2e0, mask 0x08",E6,"CE sym <*> at 0x<*>, mask 0x<*>"
14634,-,1117849916,2005.06.03,R02-M0-N5-C:J02-U11,2005-06-03-18.51.56.565439,R02-M0-N5-C:J02-U11,RAS,KERNEL,INFO,"1 ddr errors(s) detected and corrected on rank 0, symbol 5, bit 2",E4,"<*> ddr errors(s) detected and corrected on rank 0, symbol <*> bit <*>"
14631,-,1117849916,2005.06.03,R13-M1-N2-C:J07-U01,2005-06-03-18.51.56.482330,R13-M1-N2-C:J07-U01,RAS,KERNEL,INFO,"1 ddr errors(s) detected and corrected on rank 0, symbol 15, bit 1",E4,"<*> ddr errors(s) detected and corrected on rank 0, symbol <*> bit <*>"
14638,-,1117849916,2005.06.03,R03-M1-N9-C:J09-U11,2005-06-03-18.51.56.872703,R03-M1-N9-C:J09-U11,RAS,KERNEL,INFO,"CE sym 25, at 0x06c27c60, mask 0x40",E6,"CE sym <*> at 0x<*>, mask 0x<*>"
14635,-,1117849916,2005.06.03,R16-M1-N2-C:J17-U01,2005-06-03-18.51.56.807606,R16-M1-N2-C:J17-U01,RAS,KERNEL,INFO,"CE sym 2, at 0x0b85eac0, mask 0x08",E6,"CE sym <*> at 0x<*>, mask 0x<*>"
14636,-,1117849916,2005.06.03,R00-M1-NF-C:J13-U11,2005-06-03-18.51.56.824817,R00-M1-NF-C:J13-U11,RAS,KERNEL,INFO,"CE sym 6, at 0x0795ad60, mask 0x80",E6,"CE sym <*> at 0x<*>, mask 0x<*>"
14641,-,1117849916,2005.06.03,R02-M0-N5-C:J02-U11,2005-06-03-18.51.56.962137,R02-M0-N5-C:J02-U11,RAS,KERNEL,INFO,"CE sym 5, at 0x05e23580, mask 0x20",E6,"CE sym <*> at 0x<*>, mask 0x<*>"
14633,-,1117849916,2005.06.03,R15-M1-N6-C:J04-U11,2005-06-03-18.51.56.539818,R15-M1-N6-C:J04-U11,RAS,KERNEL,INFO,"4 ddr errors(s) detected and corrected on rank 0, symbol 14, bit 2",E4,"<*> ddr errors(s) detected and corrected on rank 0, symbol <*> bit <*>"
14639,-,1117849916,2005.06.03,R13-M1-N2-C:J07-U01,2005-06-03-18.51.56.889694,R13-M1-N2-C:J07-U01,RAS,KERNEL,INFO,"CE sym 15, at 0x03efaea0, mask 0x40",E6,"CE sym <*> at 0x<*>, mask 0x<*>"
14627,-,1117849916,2005.06.03,R16-M1-N2-C:J17-U01,2005-06-03-18.51.56.338340,R16-M1-N2-C:J17-U01,RAS,KERNEL,INFO,"1 ddr errors(s) detected and corrected on rank 0, symbol 2, bit 4",E4,"<*> ddr errors(s) detected and corrected on rank 0, symbol <*> bit <*>"
14632,-,1117849916,2005.06.03,R13-M0-NA-C:J14-U01,2005-06-03-18.51.56.507696,R13-M0-NA-C:J14-U01,RAS,KERNEL,INFO,41947222 L3 EDRAM error(s) (dcr 0x0157) detected and corrected,E5,<*> L3 <*> error(s) (dcr 0x<*>) detected and corrected
14628,-,1117849916,2005.06.03,R00-M1-NF-C:J13-U11,2005-06-03-18.51.56.364296,R00-M1-NF-C:J13-U11,RAS,KERNEL,INFO,"3 ddr errors(s) detected and corrected on rank 0, symbol 6, bit 0",E4,"<*> ddr errors(s) detected and corrected on rank 0, symbol <*> bit <*>"
14629,-,1117849916,2005.06.03,R03-M1-N2-C:J13-U01,2005-06-03-18.51.56.389946,R03-M1-N2-C:J13-U01,RAS,KERNEL,INFO,"6 ddr errors(s) detected and corrected on rank 0, symbol 26, bit 4",E4,"<*> ddr errors(s) detected and corrected on rank 0, symbol <*> bit <*>"
14653,-,1117849917,2005.06.03,R00-M1-NF-C:J13-U11,2005-06-03-18.51.57.806788,R00-M1-NF-C:J13-U11,RAS,KERNEL,INFO,total of 3 ddr error(s) detected and corrected,E7,total of <*> ddr error(s) detected and corrected
14650,-,1117849917,2005.06.03,R03-M1-N2-C:J13-U01,2005-06-03-18.51.57.554068,R03-M1-N2-C:J13-U01,RAS,KERNEL,INFO,"CE sym 26, at 0x06c5e2e0, mask 0x08",E6,"CE sym <*> at 0x<*>, mask 0x<*>"
14651,-,1117849917,2005.06.03,R03-M1-N9-C:J09-U11,2005-06-03-18.51.57.570753,R03-M1-N9-C:J09-U11,RAS,KERNEL,INFO,total of 2 ddr error(s) detected and corrected,E7,total of <*> ddr error(s) detected and corrected
14649,-,1117849917,2005.06.03,R00-M1-NF-C:J13-U11,2005-06-03-18.51.57.532303,R00-M1-NF-C:J13-U11,RAS,KERNEL,INFO,"CE sym 6, at 0x0795ad60, mask 0x80",E6,"CE sym <*> at 0x<*>, mask 0x<*>"
14652,-,1117849917,2005.06.03,R15-M1-N6-C:J04-U11,2005-06-03-18.51.57.592108,R15-M1-N6-C:J04-U11,RAS,KERNEL,INFO,"CE sym 14, at 0x06047860, mask 0x20",E6,"CE sym <*> at 0x<*>, mask 0x<*>"
14655,-,1117849917,2005.06.03,R15-M1-N6-C:J04-U11,2005-06-03-18.51.57.845371,R15-M1-N6-C:J04-U11,RAS,KERNEL,INFO,"CE sym 14, at 0x06047860, mask 0x20",E6,"CE sym <*> at 0x<*>, mask 0x<*>"
14648,-,1117849917,2005.06.03,R02-M0-N5-C:J02-U11,2005-06-03-18.51.57.335186,R02-M0-N5-C:J02-U11,RAS,KERNEL,INFO,total of 1 ddr error(s) detected and corrected,E7,total of <*> ddr error(s) detected and corrected
14647,-,1117849917,2005.06.03,R15-M1-N6-C:J04-U11,2005-06-03-18.51.57.312330,R15-M1-N6-C:J04-U11,RAS,KERNEL,INFO,"CE sym 14, at 0x06047860, mask 0x20",E6,"CE sym <*> at 0x<*>, mask 0x<*>"
14645,-,1117849917,2005.06.03,R03-M1-N9-C:J09-U11,2005-06-03-18.51.57.279028,R03-M1-N9-C:J09-U11,RAS,KERNEL,INFO,"CE sym 25, at 0x06c27c60, mask 0x40",E6,"CE sym <*> at 0x<*>, mask 0x<*>"
14646,-,1117849917,2005.06.03,R13-M1-N2-C:J07-U01,2005-06-03-18.51.57.295543,R13-M1-N2-C:J07-U01,RAS,KERNEL,INFO,total of 1 ddr error(s) detected and corrected,E7,total of <*> ddr error(s) detected and corrected
14642,-,1117849917,2005.06.03,R16-M1-N2-C:J17-U01,2005-06-03-18.51.57.227970,R16-M1-N2-C:J17-U01,RAS,KERNEL,INFO,total of 1 ddr error(s) detected and corrected,E7,total of <*> ddr error(s) detected and corrected
14644,-,1117849917,2005.06.03,R03-M1-N2-C:J13-U01,2005-06-03-18.51.57.262371,R03-M1-N2-C:J13-U01,RAS,KERNEL,INFO,"CE sym 26, at 0x06a1e2e0, mask 0x08",E6,"CE sym <*> at 0x<*>, mask 0x<*>"
14643,-,1117849917,2005.06.03,R00-M1-NF-C:J13-U11,2005-06-03-18.51.57.245718,R00-M1-NF-C:J13-U11,RAS,KERNEL,INFO,"CE sym 6, at 0x0795ad60, mask 0x80",E6,"CE sym <*> at 0x<*>, mask 0x<*>"
14654,-,1117849917,2005.06.03,R03-M1-N2-C:J13-U01,2005-06-03-18.51.57.823744,R03-M1-N2-C:J13-U01,RAS,KERNEL,INFO,"CE sym 26, at 0x06c5e2e0, mask 0x08",E6,"CE sym <*> at 0x<*>, mask 0x<*>"
14658,-,1117849918,2005.06.03,R03-M1-N2-C:J13-U01,2005-06-03-18.51.58.287804,R03-M1-N2-C:J13-U01,RAS,KERNEL,INFO,"CE sym 26, at 0x06c5e2e0, mask 0x08",E6,"CE sym <*> at 0x<*>, mask 0x<*>"
14657,-,1117849918,2005.06.03,R15-M1-N6-C:J04-U11,2005-06-03-18.51.58.074923,R15-M1-N6-C:J04-U11,RAS,KERNEL,INFO,total of 4 ddr error(s) detected and corrected,E7,total of <*> ddr error(s) detected and corrected
14656,-,1117849918,2005.06.03,R03-M1-N2-C:J13-U01,2005-06-03-18.51.58.041979,R03-M1-N2-C:J13-U01,RAS,KERNEL,INFO,"CE sym 26, at 0x06c5e2e0, mask 0x08",E6,"CE sym <*> at 0x<*>, mask 0x<*>"
14659,-,1117849918,2005.06.03,R03-M1-N2-C:J13-U01,2005-06-03-18.51.58.440670,R03-M1-N2-C:J13-U01,RAS,KERNEL,INFO,total of 6 ddr error(s) detected and corrected,E7,total of <*> ddr error(s) detected and corrected
14660,-,1117849981,2005.06.03,R02-M1-N0-C:J12-U11,2005-06-03-18.53.01.964076,R02-M1-N0-C:J12-U11,RAS,KERNEL,INFO,instruction cache parity error corrected,E1,instruction cache parity error corrected
14662,-,1117850341,2005.06.03,R30-M0-N7-C:J09-U01,2005-06-03-18.59.01.934202,R30-M0-N7-C:J09-U01,RAS,KERNEL,INFO,"CE sym 26, at 0x07a95e80, mask 0x10",E6,"CE sym <*> at 0x<*>, mask 0x<*>"
14661,-,1117850341,2005.06.03,R30-M0-N7-C:J09-U01,2005-06-03-18.59.01.822547,R30-M0-N7-C:J09-U01,RAS,KERNEL,INFO,"1 ddr errors(s) detected and corrected on rank 0, symbol 26, bit 3",E4,"<*> ddr errors(s) detected and corrected on rank 0, symbol <*> bit <*>"
14663,-,1117850342,2005.06.03,R30-M0-N7-C:J09-U01,2005-06-03-18.59.02.032085,R30-M0-N7-C:J09-U01,RAS,KERNEL,INFO,total of 1 ddr error(s) detected and corrected,E7,total of <*> ddr error(s) detected and corrected
14667,-,1117851206,2005.06.03,R06-M1-N6-C:J15-U01,2005-06-03-19.13.26.552359,R06-M1-N6-C:J15-U01,RAS,KERNEL,INFO,1 tree receiver 2 in re-synch state event(s) (dcr 0x019a) detected,E12,<*> tree receiver <*> in re-synch state event(s) (dcr 0x<*>) detected
14665,-,1117851206,2005.06.03,R13-M0-NA-C:J14-U01,2005-06-03-19.13.26.298708,R13-M0-NA-C:J14-U01,RAS,KERNEL,INFO,1476481 L3 EDRAM error(s) (dcr 0x0157) detected and corrected,E5,<*> L3 <*> error(s) (dcr 0x<*>) detected and corrected
14664,-,1117851206,2005.06.03,R16-M1-N2-C:J17-U01,2005-06-03-19.13.26.272881,R16-M1-N2-C:J17-U01,RAS,KERNEL,INFO,"1 ddr errors(s) detected and corrected on rank 0, symbol 2, bit 4",E4,"<*> ddr errors(s) detected and corrected on rank 0, symbol <*> bit <*>"
14668,-,1117851206,2005.06.03,R16-M1-N2-C:J17-U01,2005-06-03-19.13.26.774345,R16-M1-N2-C:J17-U01,RAS,KERNEL,INFO,total of 1 ddr error(s) detected and corrected,E7,total of <*> ddr error(s) detected and corrected
14666,-,1117851206,2005.06.03,R16-M1-N2-C:J17-U01,2005-06-03-19.13.26.525040,R16-M1-N2-C:J17-U01,RAS,KERNEL,INFO,"CE sym 2, at 0x0b85ea80, mask 0x08",E6,"CE sym <*> at 0x<*>, mask 0x<*>"
14669,-,1117851207,2005.06.03,R07-M1-N9-C:J03-U11,2005-06-03-19.13.27.525452,R07-M1-N9-C:J03-U11,RAS,KERNEL,INFO,generating core.1851,E3,generating <*>
14671,-,1117851394,2005.06.03,R27-M1-L3-U18-C,2005-06-03-19.16.34.638950,R27-M1-L3-U18-C,RAS,LINKCARD,INFO,MidplaneSwitchController performing bit sparing on R27-M1-L3-U18-C bit 3,E2,MidplaneSwitchController performing bit sparing on <*> bit 3
14670,-,1117851394,2005.06.03,R33-M1-L0-U22-C,2005-06-03-19.16.34.635057,R33-M1-L0-U22-C,RAS,LINKCARD,INFO,MidplaneSwitchController performing bit sparing on R33-M1-L0-U22-C bit 3,E2,MidplaneSwitchController performing bit sparing on <*> bit 3
14684,-,1117863693,2005.06.03,R06-M0-N6-C:J10-U11,2005-06-03-22.41.33.659789,R06-M0-N6-C:J10-U11,RAS,KERNEL,INFO,"CE sym 2, at 0x046461e0, mask 0x10",E6,"CE sym <*> at 0x<*>, mask 0x<*>"
14682,-,1117863693,2005.06.03,R00-M1-NF-C:J13-U11,2005-06-03-22.41.33.625262,R00-M1-NF-C:J13-U11,RAS,KERNEL,INFO,"1 ddr errors(s) detected and corrected on rank 0, symbol 6, bit 0",E4,"<*> ddr errors(s) detected and corrected on rank 0, symbol <*> bit <*>"
14687,-,1117863693,2005.06.03,R00-M1-NF-C:J13-U11,2005-06-03-22.41.33.860022,R00-M1-NF-C:J13-U11,RAS,KERNEL,INFO,"CE sym 4, at 0x0371a2a0, mask 0x10",E6,"CE sym <*> at 0x<*>, mask 0x<*>"
14686,-,1117863693,2005.06.03,R12-M1-N3-C:J11-U11,2005-06-03-22.41.33.842758,R12-M1-N3-C:J11-U11,RAS,KERNEL,INFO,"CE sym 7, at 0x03ffa060, mask 0x04",E6,"CE sym <*> at 0x<*>, mask 0x<*>"
14680,-,1117863693,2005.06.03,R16-M1-N2-C:J17-U01,2005-06-03-22.41.33.574933,R16-M1-N2-C:J17-U01,RAS,KERNEL,INFO,total of 1 ddr error(s) detected and corrected,E7,total of <*> ddr error(s) detected and corrected
14689,-,1117863693,2005.06.03,R06-M0-N6-C:J10-U11,2005-06-03-22.41.33.894579,R06-M0-N6-C:J10-U11,RAS,KERNEL,INFO,"CE sym 2, at 0x046461e0, mask 0x10",E6,"CE sym <*> at 0x<*>, mask 0x<*>"
14673,-,1117863693,2005.06.03,R16-M1-N2-C:J17-U01,2005-06-03-22.41.33.255002,R16-M1-N2-C:J17-U01,RAS,KERNEL,INFO,"CE sym 2, at 0x0b85ea80, mask 0x08",E6,"CE sym <*> at 0x<*>, mask 0x<*>"
14672,-,1117863693,2005.06.03,R16-M1-N2-C:J17-U01,2005-06-03-22.41.33.099945,R16-M1-N2-C:J17-U01,RAS,KERNEL,INFO,"1 ddr errors(s) detected and corrected on rank 0, symbol 2, bit 4",E4,"<*> ddr errors(s) detected and corrected on rank 0, symbol <*> bit <*>"
14690,-,1117863693,2005.06.03,R15-M1-N6-C:J04-U11,2005-06-03-22.41.33.935529,R15-M1-N6-C:J04-U11,RAS,KERNEL,INFO,"CE sym 14, at 0x06047860, mask 0x20",E6,"CE sym <*> at 0x<*>, mask 0x<*>"
14688,-,1117863693,2005.06.03,R03-M1-N2-C:J13-U01,2005-06-03-22.41.33.877317,R03-M1-N2-C:J13-U01,RAS,KERNEL,INFO,"CE sym 26, at 0x06f7e2e0, mask 0x08",E6,"CE sym <*> at 0x<*>, mask 0x<*>"
14681,-,1117863693,2005.06.03,R12-M1-N3-C:J11-U11,2005-06-03-22.41.33.592494,R12-M1-N3-C:J11-U11,RAS,KERNEL,INFO,"CE sym 7, at 0x03ffa060, mask 0x04",E6,"CE sym <*> at 0x<*>, mask 0x<*>"
14685,-,1117863693,2005.06.03,R15-M1-N6-C:J04-U11,2005-06-03-22.41.33.692975,R15-M1-N6-C:J04-U11,RAS,KERNEL,INFO,"CE sym 14, at 0x06047860, mask 0x20",E6,"CE sym <*> at 0x<*>, mask 0x<*>"
14675,-,1117863693,2005.06.03,R00-M1-NF-C:J13-U11,2005-06-03-22.41.33.306665,R00-M1-NF-C:J13-U11,RAS,KERNEL,INFO,"2 ddr errors(s) detected and corrected on rank 0, symbol 4, bit 3",E4,"<*> ddr errors(s) detected and corrected on rank 0, symbol <*> bit <*>"
14676,-,1117863693,2005.06.03,R03-M1-N2-C:J13-U01,2005-06-03-22.41.33.332152,R03-M1-N2-C:J13-U01,RAS,KERNEL,INFO,"7 ddr errors(s) detected and corrected on rank 0, symbol 26, bit 4",E4,"<*> ddr errors(s) detected and corrected on rank 0, symbol <*> bit <*>"
14674,-,1117863693,2005.06.03,R12-M1-N3-C:J11-U11,2005-06-03-22.41.33.280998,R12-M1-N3-C:J11-U11,RAS,KERNEL,INFO,"2 ddr errors(s) detected and corrected on rank 0, symbol 7, bit 5",E4,"<*> ddr errors(s) detected and corrected on rank 0, symbol <*> bit <*>"
14678,-,1117863693,2005.06.03,R13-M0-NA-C:J14-U01,2005-06-03-22.41.33.383427,R13-M0-NA-C:J14-U01,RAS,KERNEL,INFO,42084261 L3 EDRAM error(s) (dcr 0x0157) detected and corrected,E5,<*> L3 <*> error(s) (dcr 0x<*>) detected and corrected
14679,-,1117863693,2005.06.03,R15-M1-N6-C:J04-U11,2005-06-03-22.41.33.417364,R15-M1-N6-C:J04-U11,RAS,KERNEL,INFO,"5 ddr errors(s) detected and corrected on rank 0, symbol 14, bit 2",E4,"<*> ddr errors(s) detected and corrected on rank 0, symbol <*> bit <*>"
14683,-,1117863693,2005.06.03,R03-M1-N2-C:J13-U01,2005-06-03-22.41.33.642553,R03-M1-N2-C:J13-U01,RAS,KERNEL,INFO,"CE sym 26, at 0x06f7e2e0, mask 0x08",E6,"CE sym <*> at 0x<*>, mask 0x<*>"
14677,-,1117863693,2005.06.03,R06-M0-N6-C:J10-U11,2005-06-03-22.41.33.357728,R06-M0-N6-C:J10-U11,RAS,KERNEL,INFO,"2 ddr errors(s) detected and corrected on rank 0, symbol 2, bit 3",E4,"<*> ddr errors(s) detected and corrected on rank 0, symbol <*> bit <*>"
14698,-,1117863694,2005.06.03,R15-M1-N6-C:J04-U11,2005-06-03-22.41.34.396196,R15-M1-N6-C:J04-U11,RAS,KERNEL,INFO,"CE sym 14, at 0x06047860, mask 0x20",E6,"CE sym <*> at 0x<*>, mask 0x<*>"
14697,-,1117863694,2005.06.03,R03-M1-N2-C:J13-U01,2005-06-03-22.41.34.354965,R03-M1-N2-C:J13-U01,RAS,KERNEL,INFO,"CE sym 26, at 0x06ede2e0, mask 0x08",E6,"CE sym <*> at 0x<*>, mask 0x<*>"
14700,-,1117863694,2005.06.03,R03-M1-N2-C:J13-U01,2005-06-03-22.41.34.563879,R03-M1-N2-C:J13-U01,RAS,KERNEL,INFO,"CE sym 26, at 0x06f7e2e0, mask 0x08",E6,"CE sym <*> at 0x<*>, mask 0x<*>"
14691,-,1117863694,2005.06.03,R12-M1-N3-C:J11-U11,2005-06-03-22.41.34.086324,R12-M1-N3-C:J11-U11,RAS,KERNEL,INFO,total of 2 ddr error(s) detected and corrected,E7,total of <*> ddr error(s) detected and corrected
14699,-,1117863694,2005.06.03,R00-M1-NF-C:J13-U11,2005-06-03-22.41.34.546443,R00-M1-NF-C:J13-U11,RAS,KERNEL,INFO,total of 3 ddr error(s) detected and corrected,E7,total of <*> ddr error(s) detected and corrected
14693,-,1117863694,2005.06.03,R03-M1-N2-C:J13-U01,2005-06-03-22.41.34.120775,R03-M1-N2-C:J13-U01,RAS,KERNEL,INFO,"CE sym 26, at 0x06f7e2e0, mask 0x08",E6,"CE sym <*> at 0x<*>, mask 0x<*>"
14695,-,1117863694,2005.06.03,R15-M1-N6-C:J04-U11,2005-06-03-22.41.34.179059,R15-M1-N6-C:J04-U11,RAS,KERNEL,INFO,"CE sym 14, at 0x06047860, mask 0x20",E6,"CE sym <*> at 0x<*>, mask 0x<*>"
14692,-,1117863694,2005.06.03,R00-M1-NF-C:J13-U11,2005-06-03-22.41.34.103675,R00-M1-NF-C:J13-U11,RAS,KERNEL,INFO,"CE sym 6, at 0x0795ad60, mask 0x80",E6,"CE sym <*> at 0x<*>, mask 0x<*>"
14702,-,1117863694,2005.06.03,R03-M1-N2-C:J13-U01,2005-06-03-22.41.34.751589,R03-M1-N2-C:J13-U01,RAS,KERNEL,INFO,"CE sym 26, at 0x06f7e2e0, mask 0x08",E6,"CE sym <*> at 0x<*>, mask 0x<*>"
14703,-,1117863694,2005.06.03,R15-M1-N6-C:J04-U11,2005-06-03-22.41.34.784843,R15-M1-N6-C:J04-U11,RAS,KERNEL,INFO,total of 5 ddr error(s) detected and corrected,E7,total of <*> ddr error(s) detected and corrected
14704,-,1117863694,2005.06.03,R03-M1-N2-C:J13-U01,2005-06-03-22.41.34.930115,R03-M1-N2-C:J13-U01,RAS,KERNEL,INFO,"CE sym 26, at 0x0685e2e0, mask 0x08",E6,"CE sym <*> at 0x<*>, mask 0x<*>"
14696,-,1117863694,2005.06.03,R00-M1-NF-C:J13-U11,2005-06-03-22.41.34.328816,R00-M1-NF-C:J13-U11,RAS,KERNEL,INFO,"CE sym 4, at 0x0371a2a0, mask 0x10",E6,"CE sym <*> at 0x<*>, mask 0x<*>"
14694,-,1117863694,2005.06.03,R06-M0-N6-C:J10-U11,2005-06-03-22.41.34.137908,R06-M0-N6-C:J10-U11,RAS,KERNEL,INFO,total of 2 ddr error(s) detected and corrected,E7,total of <*> ddr error(s) detected and corrected
14701,-,1117863694,2005.06.03,R15-M1-N6-C:J04-U11,2005-06-03-22.41.34.605102,R15-M1-N6-C:J04-U11,RAS,KERNEL,INFO,"CE sym 14, at 0x06047860, mask 0x20",E6,"CE sym <*> at 0x<*>, mask 0x<*>"
14705,-,1117863695,2005.06.03,R03-M1-N2-C:J13-U01,2005-06-03-22.41.35.098285,R03-M1-N2-C:J13-U01,RAS,KERNEL,INFO,total of 7 ddr error(s) detected and corrected,E7,total of <*> ddr error(s) detected and corrected
14706,-,1117863760,2005.06.03,R02-M1-N0-C:J12-U11,2005-06-03-22.42.40.819221,R02-M1-N0-C:J12-U11,RAS,KERNEL,INFO,instruction cache parity error corrected,E1,instruction cache parity error corrected
14714,-,1117865191,2005.06.03,R03-M1-N9-C:J09-U11,2005-06-03-23.06.31.853679,R03-M1-N9-C:J09-U11,RAS,KERNEL,INFO,"1 ddr errors(s) detected and corrected on rank 0, symbol 25, bit 1",E4,"<*> ddr errors(s) detected and corrected on rank 0, symbol <*> bit <*>"
14713,-,1117865191,2005.06.03,R07-M0-N8-C:J11-U11,2005-06-03-23.06.31.828485,R07-M0-N8-C:J11-U11,RAS,KERNEL,INFO,"1 ddr errors(s) detected and corrected on rank 0, symbol 27, bit 6",E4,"<*> ddr errors(s) detected and corrected on rank 0, symbol <*> bit <*>"
14710,-,1117865191,2005.06.03,R03-M0-NB-C:J10-U11,2005-06-03-23.06.31.612312,R03-M0-NB-C:J10-U11,RAS,KERNEL,INFO,"1 ddr errors(s) detected and corrected on rank 0, symbol 12, bit 2",E4,"<*> ddr errors(s) detected and corrected on rank 0, symbol <*> bit <*>"
14708,-,1117865191,2005.06.03,R12-M1-N3-C:J11-U11,2005-06-03-23.06.31.561279,R12-M1-N3-C:J11-U11,RAS,KERNEL,INFO,"3 ddr errors(s) detected and corrected on rank 0, symbol 7, bit 5",E4,"<*> ddr errors(s) detected and corrected on rank 0, symbol <*> bit <*>"
14712,-,1117865191,2005.06.03,R12-M1-N3-C:J11-U11,2005-06-03-23.06.31.803435,R12-M1-N3-C:J11-U11,RAS,KERNEL,INFO,"CE sym 7, at 0x03ffa060, mask 0x04",E6,"CE sym <*> at 0x<*>, mask 0x<*>"
14715,-,1117865191,2005.06.03,R03-M0-NB-C:J10-U11,2005-06-03-23.06.31.870538,R03-M0-NB-C:J10-U11,RAS,KERNEL,INFO,"CE sym 12, at 0x0b71b560, mask 0x20",E6,"CE sym <*> at 0x<*>, mask 0x<*>"
14711,-,1117865191,2005.06.03,R16-M1-N2-C:J17-U01,2005-06-03-23.06.31.768286,R16-M1-N2-C:J17-U01,RAS,KERNEL,INFO,"CE sym 2, at 0x0b85ea80, mask 0x08",E6,"CE sym <*> at 0x<*>, mask 0x<*>"
14709,-,1117865191,2005.06.03,R13-M0-NA-C:J14-U01,2005-06-03-23.06.31.586529,R13-M0-NA-C:J14-U01,RAS,KERNEL,INFO,9155849 L3 EDRAM error(s) (dcr 0x0157) detected and corrected,E5,<*> L3 <*> error(s) (dcr 0x<*>) detected and corrected
14707,-,1117865191,2005.06.03,R16-M1-N2-C:J17-U01,2005-06-03-23.06.31.534652,R16-M1-N2-C:J17-U01,RAS,KERNEL,INFO,"1 ddr errors(s) detected and corrected on rank 0, symbol 2, bit 4",E4,"<*> ddr errors(s) detected and corrected on rank 0, symbol <*> bit <*>"
14721,-,1117865192,2005.06.03,R12-M1-N3-C:J11-U11,2005-06-03-23.06.32.246746,R12-M1-N3-C:J11-U11,RAS,KERNEL,INFO,"CE sym 7, at 0x03ffa060, mask 0x04",E6,"CE sym <*> at 0x<*>, mask 0x<*>"
14723,-,1117865192,2005.06.03,R03-M1-N9-C:J09-U11,2005-06-03-23.06.32.281133,R03-M1-N9-C:J09-U11,RAS,KERNEL,INFO,total of 1 ddr error(s) detected and corrected,E7,total of <*> ddr error(s) detected and corrected
14719,-,1117865192,2005.06.03,R03-M1-N9-C:J09-U11,2005-06-03-23.06.32.081428,R03-M1-N9-C:J09-U11,RAS,KERNEL,INFO,"CE sym 25, at 0x06c27c60, mask 0x40",E6,"CE sym <*> at 0x<*>, mask 0x<*>"
14720,-,1117865192,2005.06.03,R03-M0-NB-C:J10-U11,2005-06-03-23.06.32.098442,R03-M0-NB-C:J10-U11,RAS,KERNEL,INFO,total of 1 ddr error(s) detected and corrected,E7,total of <*> ddr error(s) detected and corrected
14718,-,1117865192,2005.06.03,R07-M0-N8-C:J11-U11,2005-06-03-23.06.32.064575,R07-M0-N8-C:J11-U11,RAS,KERNEL,INFO,"CE sym 27, at 0x0a3bf660, mask 0x02",E6,"CE sym <*> at 0x<*>, mask 0x<*>"
14716,-,1117865192,2005.06.03,R16-M1-N2-C:J17-U01,2005-06-03-23.06.32.029993,R16-M1-N2-C:J17-U01,RAS,KERNEL,INFO,total of 1 ddr error(s) detected and corrected,E7,total of <*> ddr error(s) detected and corrected
14717,-,1117865192,2005.06.03,R12-M1-N3-C:J11-U11,2005-06-03-23.06.32.047327,R12-M1-N3-C:J11-U11,RAS,KERNEL,INFO,"CE sym 7, at 0x03ffa060, mask 0x04",E6,"CE sym <*> at 0x<*>, mask 0x<*>"
14724,-,1117865192,2005.06.03,R12-M1-N3-C:J11-U11,2005-06-03-23.06.32.429303,R12-M1-N3-C:J11-U11,RAS,KERNEL,INFO,total of 3 ddr error(s) detected and corrected,E7,total of <*> ddr error(s) detected and corrected
14722,-,1117865192,2005.06.03,R07-M0-N8-C:J11-U11,2005-06-03-23.06.32.264153,R07-M0-N8-C:J11-U11,RAS,KERNEL,INFO,total of 1 ddr error(s) detected and corrected,E7,total of <*> ddr error(s) detected and corrected
14725,-,1117865414,2005.06.03,R33-M1-L0-U22-C,2005-06-03-23.10.14.414021,R33-M1-L0-U22-C,RAS,LINKCARD,INFO,MidplaneSwitchController performing bit sparing on R33-M1-L0-U22-C bit 3,E2,MidplaneSwitchController performing bit sparing on <*> bit 3
14726,-,1117865414,2005.06.03,R27-M1-L3-U18-C,2005-06-03-23.10.14.417744,R27-M1-L3-U18-C,RAS,LINKCARD,INFO,MidplaneSwitchController performing bit sparing on R27-M1-L3-U18-C bit 3,E2,MidplaneSwitchController performing bit sparing on <*> bit 3
14728,-,1117865954,2005.06.03,R27-M1-L3-U18-C,2005-06-03-23.19.14.625863,R27-M1-L3-U18-C,RAS,LINKCARD,INFO,MidplaneSwitchController performing bit sparing on R27-M1-L3-U18-C bit 3,E2,MidplaneSwitchController performing bit sparing on <*> bit 3
14727,-,1117865954,2005.06.03,R33-M1-L0-U22-C,2005-06-03-23.19.14.621840,R33-M1-L0-U22-C,RAS,LINKCARD,INFO,MidplaneSwitchController performing bit sparing on R33-M1-L0-U22-C bit 3,E2,MidplaneSwitchController performing bit sparing on <*> bit 3
14730,-,1117867321,2005.06.03,,2005-06-03-23.42.01.994539,,RAS,MMCS,INFO,ciodb has been restarted.,E14,ciodb has been restarted.
14729,-,1117867321,2005.06.03,,2005-06-03-23.42.01.596122,,RAS,MMCS,INFO,idoproxydb has been started: $Name: DRV142_2005 $ Input parameters: -enableflush -loguserinfo db.properties BlueGene1,E13,idoproxydb has been started: $Name: <*> $ Input parameters: -enableflush -loguserinfo db.properties BlueGene1
14731,-,1117867322,2005.06.03,,2005-06-03-23.42.02.002399,,RAS,MMCS,INFO,mmcs_db_server has been started: ./mmcs_db_server --useDatabase BGL --dbproperties serverdb.properties --iolog /bgl/BlueLight/logs/BGL --reconnect-blocks all,E15,mmcs_db_server has been started: ./mmcs_db_server --useDatabase BGL --dbproperties serverdb.properties --iolog /bgl/BlueLight/logs/BGL --reconnect-blocks all
14732,-,1117867754,2005.06.03,R33-M1-L0-U22-C,2005-06-03-23.49.14.527727,R33-M1-L0-U22-C,RAS,LINKCARD,INFO,MidplaneSwitchController performing bit sparing on R33-M1-L0-U22-C bit 3,E2,MidplaneSwitchController performing bit sparing on <*> bit 3
14733,-,1117867754,2005.06.03,R27-M1-L3-U18-C,2005-06-03-23.49.14.531764,R27-M1-L3-U18-C,RAS,LINKCARD,INFO,MidplaneSwitchController performing bit sparing on R27-M1-L3-U18-C bit 3,E2,MidplaneSwitchController performing bit sparing on <*> bit 3
14735,-,1117869001,2005.06.04,R27-M1-L3-U18-C,2005-06-04-00.10.01.050649,R27-M1-L3-U18-C,RAS,LINKCARD,INFO,MidplaneSwitchController performing bit sparing on R27-M1-L3-U18-C bit 3,E2,MidplaneSwitchController performing bit sparing on <*> bit 3
14734,-,1117869001,2005.06.04,R33-M1-L0-U22-C,2005-06-04-00.10.01.045684,R33-M1-L0-U22-C,RAS,LINKCARD,INFO,MidplaneSwitchController performing bit sparing on R33-M1-L0-U22-C bit 3,E2,MidplaneSwitchController performing bit sparing on <*> bit 3
14737,-,1117869871,2005.06.04,R23-M1-N8-I:J18-U01,2005-06-04-00.24.31.594456,R23-M1-N8-I:J18-U01,RAS,APP,FATAL,ciod: LOGIN chdir(/p/gb2/draeger/benchmark/dat32k_060205) failed: No such file or directory,E16,ciod: LOGIN <*> failed: No such file or directory
14736,-,1117869871,2005.06.04,R23-M0-N4-I:J18-U11,2005-06-04-00.24.31.560279,R23-M0-N4-I:J18-U11,RAS,APP,FATAL,ciod: LOGIN chdir(/p/gb2/draeger/benchmark/dat32k_060205) failed: No such file or directory,E16,ciod: LOGIN <*> failed: No such file or directory
14740,APPREAD,1117869872,2005.06.04,R04-M1-N4-I:J18-U01,2005-06-04-00.24.32.481570,R04-M1-N4-I:J18-U01,RAS,APP,FATAL,ciod: failed to read message prefix on control stream (CioStream socket to 172.16.96.116:33570,E17,ciod: failed to read message prefix on control stream (CioStream socket to <*>
14739,APPREAD,1117869872,2005.06.04,R04-M1-N4-I:J18-U11,2005-06-04-00.24.32.432192,R04-M1-N4-I:J18-U11,RAS,APP,FATAL,ciod: failed to read message prefix on control stream (CioStream socket to 172.16.96.116:33569,E17,ciod: failed to read message prefix on control stream (CioStream socket to <*>
14738,APPREAD,1117869872,2005.06.04,R23-M1-N8-I:J18-U11,2005-06-04-00.24.32.398284,R23-M1-N8-I:J18-U11,RAS,APP,FATAL,ciod: failed to read message prefix on control stream (CioStream socket to 172.16.96.116:33399,E17,ciod: failed to read message prefix on control stream (CioStream socket to <*>
14745,APPREAD,1117869873,2005.06.04,R36-M0-NC-I:J18-U11,2005-06-04-00.24.33.304903,R36-M0-NC-I:J18-U11,RAS,APP,FATAL,ciod: failed to read message prefix on control stream (CioStream socket to 172.16.96.116:33229,E17,ciod: failed to read message prefix on control stream (CioStream socket to <*>
14761,APPREAD,1117869873,2005.06.04,R33-M0-NC-I:J18-U11,2005-06-04-00.24.33.868444,R33-M0-NC-I:J18-U11,RAS,APP,FATAL,ciod: failed to read message prefix on control stream (CioStream socket to 172.16.96.116:33389,E17,ciod: failed to read message prefix on control stream (CioStream socket to <*>
14762,APPREAD,1117869873,2005.06.04,R33-M0-NC-I:J18-U01,2005-06-04-00.24.33.916623,R33-M0-NC-I:J18-U01,RAS,APP,FATAL,ciod: failed to read message prefix on control stream (CioStream socket to 172.16.96.116:33390,E17,ciod: failed to read message prefix on control stream (CioStream socket to <*>
14763,APPREAD,1117869873,2005.06.04,R31-M0-N0-I:J18-U11,2005-06-04-00.24.33.950726,R31-M0-N0-I:J18-U11,RAS,APP,FATAL,ciod: failed to read message prefix on control stream (CioStream socket to 172.16.96.116:33299,E17,ciod: failed to read message prefix on control stream (CioStream socket to <*>
14764,APPREAD,1117869873,2005.06.04,R31-M0-N0-I:J18-U01,2005-06-04-00.24.33.989560,R31-M0-N0-I:J18-U01,RAS,APP,FATAL,ciod: failed to read message prefix on control stream (CioStream socket to 172.16.96.116:33300,E17,ciod: failed to read message prefix on control stream (CioStream socket to <*>
14744,APPREAD,1117869873,2005.06.04,R36-M0-N8-I:J18-U01,2005-06-04-00.24.33.270584,R36-M0-N8-I:J18-U01,RAS,APP,FATAL,ciod: failed to read message prefix on control stream (CioStream socket to 172.16.96.116:33232,E17,ciod: failed to read message prefix on control stream (CioStream socket to <*>
14749,APPREAD,1117869873,2005.06.04,R31-M0-N4-I:J18-U11,2005-06-04-00.24.33.453745,R31-M0-N4-I:J18-U11,RAS,APP,FATAL,ciod: failed to read message prefix on control stream (CioStream socket to 172.16.96.116:33297,E17,ciod: failed to read message prefix on control stream (CioStream socket to <*>
14760,APPREAD,1117869873,2005.06.04,R25-M0-N4-I:J18-U01,2005-06-04-00.24.33.834851,R25-M0-N4-I:J18-U01,RAS,APP,FATAL,ciod: failed to read message prefix on control stream (CioStream socket to 172.16.96.116:33466,E17,ciod: failed to read message prefix on control stream (CioStream socket to <*>
14747,APPREAD,1117869873,2005.06.04,R36-M0-N0-I:J18-U11,2005-06-04-00.24.33.385805,R36-M0-N0-I:J18-U11,RAS,APP,FATAL,ciod: failed to read message prefix on control stream (CioStream socket to 172.16.96.116:33235,E17,ciod: failed to read message prefix on control stream (CioStream socket to <*>
14748,APPREAD,1117869873,2005.06.04,R36-M0-N0-I:J18-U01,2005-06-04-00.24.33.419959,R36-M0-N0-I:J18-U01,RAS,APP,FATAL,ciod: failed to read message prefix on control stream (CioStream socket to 172.16.96.116:33236,E17,ciod: failed to read message prefix on control stream (CioStream socket to <*>
14746,APPREAD,1117869873,2005.06.04,R36-M0-NC-I:J18-U01,2005-06-04-00.24.33.352044,R36-M0-NC-I:J18-U01,RAS,APP,FATAL,ciod: failed to read message prefix on control stream (CioStream socket to 172.16.96.116:33230,E17,ciod: failed to read message prefix on control stream (CioStream socket to <*>
14755,APPREAD,1117869873,2005.06.04,R22-M1-N8-I:J18-U11,2005-06-04-00.24.33.667306,R22-M1-N8-I:J18-U11,RAS,APP,FATAL,ciod: failed to read message prefix on control stream (CioStream socket to 172.16.96.116:33271,E17,ciod: failed to read message prefix on control stream (CioStream socket to <*>
14758,APPREAD,1117869873,2005.06.04,R33-M1-N0-I:J18-U01,2005-06-04-00.24.33.767939,R33-M1-N0-I:J18-U01,RAS,APP,FATAL,ciod: failed to read message prefix on control stream (CioStream socket to 172.16.96.116:33524,E17,ciod: failed to read message prefix on control stream (CioStream socket to <*>
14757,APPREAD,1117869873,2005.06.04,R33-M1-N0-I:J18-U11,2005-06-04-00.24.33.734296,R33-M1-N0-I:J18-U11,RAS,APP,FATAL,ciod: failed to read message prefix on control stream (CioStream socket to 172.16.96.116:33523,E17,ciod: failed to read message prefix on control stream (CioStream socket to <*>
14756,APPREAD,1117869873,2005.06.04,R22-M1-N8-I:J18-U01,2005-06-04-00.24.33.700844,R22-M1-N8-I:J18-U01,RAS,APP,FATAL,ciod: failed to read message prefix on control stream (CioStream socket to 172.16.96.116:33272,E17,ciod: failed to read message prefix on control stream (CioStream socket to <*>
14751,APPREAD,1117869873,2005.06.04,R36-M0-N4-I:J18-U11,2005-06-04-00.24.33.521234,R36-M0-N4-I:J18-U11,RAS,APP,FATAL,ciod: failed to read message prefix on control stream (CioStream socket to 172.16.96.116:33233,E17,ciod: failed to read message prefix on control stream (CioStream socket to <*>
14759,APPREAD,1117869873,2005.06.04,R25-M0-N4-I:J18-U11,2005-06-04-00.24.33.801675,R25-M0-N4-I:J18-U11,RAS,APP,FATAL,ciod: failed to read message prefix on control stream (CioStream socket to 172.16.96.116:33465,E17,ciod: failed to read message prefix on control stream (CioStream socket to <*>
14752,APPREAD,1117869873,2005.06.04,R36-M0-N4-I:J18-U01,2005-06-04-00.24.33.560750,R36-M0-N4-I:J18-U01,RAS,APP,FATAL,ciod: failed to read message prefix on control stream (CioStream socket to 172.16.96.116:33234,E17,ciod: failed to read message prefix on control stream (CioStream socket to <*>
14753,APPREAD,1117869873,2005.06.04,R36-M1-NC-I:J18-U11,2005-06-04-00.24.33.595630,R36-M1-NC-I:J18-U11,RAS,APP,FATAL,ciod: failed to read message prefix on control stream (CioStream socket to 172.16.96.116:33613,E17,ciod: failed to read message prefix on control stream (CioStream socket to <*>
14754,APPREAD,1117869873,2005.06.04,R36-M1-NC-I:J18-U01,2005-06-04-00.24.33.632761,R36-M1-NC-I:J18-U01,RAS,APP,FATAL,ciod: failed to read message prefix on control stream (CioStream socket to 172.16.96.116:33614,E17,ciod: failed to read message prefix on control stream (CioStream socket to <*>
14750,APPREAD,1117869873,2005.06.04,R31-M0-N4-I:J18-U01,2005-06-04-00.24.33.487573,R31-M0-N4-I:J18-U01,RAS,APP,FATAL,ciod: failed to read message prefix on control stream (CioStream socket to 172.16.96.116:33298,E17,ciod: failed to read message prefix on control stream (CioStream socket to <*>
14741,APPREAD,1117869873,2005.06.04,R35-M1-N0-I:J18-U11,2005-06-04-00.24.33.168659,R35-M1-N0-I:J18-U11,RAS,APP,FATAL,ciod: failed to read message prefix on control stream (CioStream socket to 172.16.96.116:33459,E17,ciod: failed to read message prefix on control stream (CioStream socket to <*>
14742,APPREAD,1117869873,2005.06.04,R35-M1-N0-I:J18-U01,2005-06-04-00.24.33.203068,R35-M1-N0-I:J18-U01,RAS,APP,FATAL,ciod: failed to read message prefix on control stream (CioStream socket to 172.16.96.116:33460,E17,ciod: failed to read message prefix on control stream (CioStream socket to <*>
14743,APPREAD,1117869873,2005.06.04,R36-M0-N8-I:J18-U11,2005-06-04-00.24.33.236793,R36-M0-N8-I:J18-U11,RAS,APP,FATAL,ciod: failed to read message prefix on control stream (CioStream socket to 172.16.96.116:33231,E17,ciod: failed to read message prefix on control stream (CioStream socket to <*>
14779,APPREAD,1117869874,2005.06.04,R22-M1-NC-I:J18-U11,2005-06-04-00.24.34.501998,R22-M1-NC-I:J18-U11,RAS,APP,FATAL,ciod: failed to read message prefix on control stream (CioStream socket to 172.16.96.116:33269,E17,ciod: failed to read message prefix on control stream (CioStream socket to <*>
14776,APPREAD,1117869874,2005.06.04,R31-M0-N8-I:J18-U01,2005-06-04-00.24.34.402119,R31-M0-N8-I:J18-U01,RAS,APP,FATAL,ciod: failed to read message prefix on control stream (CioStream socket to 172.16.96.116:33296,E17,ciod: failed to read message prefix on control stream (CioStream socket to <*>
14765,APPREAD,1117869874,2005.06.04,R36-M1-N8-I:J18-U11,2005-06-04-00.24.34.023674,R36-M1-N8-I:J18-U11,RAS,APP,FATAL,ciod: failed to read message prefix on control stream (CioStream socket to 172.16.96.116:33615,E17,ciod: failed to read message prefix on control stream (CioStream socket to <*>
14777,APPREAD,1117869874,2005.06.04,R26-M0-N0-I:J18-U11,2005-06-04-00.24.34.435520,R26-M0-N0-I:J18-U11,RAS,APP,FATAL,ciod: failed to read message prefix on control stream (CioStream socket to 172.16.96.116:33627,E17,ciod: failed to read message prefix on control stream (CioStream socket to <*>
14781,APPREAD,1117869874,2005.06.04,R20-M1-N0-I:J18-U11,2005-06-04-00.24.34.568806,R20-M1-N0-I:J18-U11,RAS,APP,FATAL,ciod: failed to read message prefix on control stream (CioStream socket to 172.16.96.116:33179,E17,ciod: failed to read message prefix on control stream (CioStream socket to <*>
14793,APPREAD,1117869874,2005.06.04,R37-M1-N0-I:J18-U11,2005-06-04-00.24.34.998598,R37-M1-N0-I:J18-U11,RAS,APP,FATAL,ciod: failed to read message prefix on control stream (CioStream socket to 172.16.96.116:33491,E17,ciod: failed to read message prefix on control stream (CioStream socket to <*>
14780,APPREAD,1117869874,2005.06.04,R22-M1-NC-I:J18-U01,2005-06-04-00.24.34.535737,R22-M1-NC-I:J18-U01,RAS,APP,FATAL,ciod: failed to read message prefix on control stream (CioStream socket to 172.16.96.116:33270,E17,ciod: failed to read message prefix on control stream (CioStream socket to <*>
14778,APPREAD,1117869874,2005.06.04,R26-M0-N0-I:J18-U01,2005-06-04-00.24.34.468503,R26-M0-N0-I:J18-U01,RAS,APP,FATAL,ciod: failed to read message prefix on control stream (CioStream socket to 172.16.96.116:33628,E17,ciod: failed to read message prefix on control stream (CioStream socket to <*>
14790,APPREAD,1117869874,2005.06.04,R37-M0-N0-I:J18-U01,2005-06-04-00.24.34.896149,R37-M0-N0-I:J18-U01,RAS,APP,FATAL,ciod: failed to read message prefix on control stream (CioStream socket to 172.16.96.116:33364,E17,ciod: failed to read message prefix on control stream (CioStream socket to <*>
14791,APPREAD,1117869874,2005.06.04,R37-M0-NC-I:J18-U11,2005-06-04-00.24.34.930462,R37-M0-NC-I:J18-U11,RAS,APP,FATAL,ciod: failed to read message prefix on control stream (CioStream socket to 172.16.96.116:33357,E17,ciod: failed to read message prefix on control stream (CioStream socket to <*>
14788,APPREAD,1117869874,2005.06.04,R30-M0-N0-I:J18-U01,2005-06-04-00.24.34.815776,R30-M0-N0-I:J18-U01,RAS,APP,FATAL,ciod: failed to read message prefix on control stream (CioStream socket to 172.16.96.116:33172,E17,ciod: failed to read message prefix on control stream (CioStream socket to <*>
14789,APPREAD,1117869874,2005.06.04,R37-M0-N0-I:J18-U11,2005-06-04-00.24.34.849624,R37-M0-N0-I:J18-U11,RAS,APP,FATAL,ciod: failed to read message prefix on control stream (CioStream socket to 172.16.96.116:33363,E17,ciod: failed to read message prefix on control stream (CioStream socket to <*>
14787,APPREAD,1117869874,2005.06.04,R30-M0-N0-I:J18-U11,2005-06-04-00.24.34.768882,R30-M0-N0-I:J18-U11,RAS,APP,FATAL,ciod: failed to read message prefix on control stream (CioStream socket to 172.16.96.116:33171,E17,ciod: failed to read message prefix on control stream (CioStream socket to <*>
14786,APPREAD,1117869874,2005.06.04,R31-M0-NC-I:J18-U01,2005-06-04-00.24.34.735159,R31-M0-NC-I:J18-U01,RAS,APP,FATAL,ciod: failed to read message prefix on control stream (CioStream socket to 172.16.96.116:33294,E17,ciod: failed to read message prefix on control stream (CioStream socket to <*>
14766,APPREAD,1117869874,2005.06.04,R36-M1-N8-I:J18-U01,2005-06-04-00.24.34.057980,R36-M1-N8-I:J18-U01,RAS,APP,FATAL,ciod: failed to read message prefix on control stream (CioStream socket to 172.16.96.116:33616,E17,ciod: failed to read message prefix on control stream (CioStream socket to <*>
14767,APPREAD,1117869874,2005.06.04,R22-M1-N0-I:J18-U11,2005-06-04-00.24.34.092005,R22-M1-N0-I:J18-U11,RAS,APP,FATAL,ciod: failed to read message prefix on control stream (CioStream socket to 172.16.96.116:33275,E17,ciod: failed to read message prefix on control stream (CioStream socket to <*>
14769,APPREAD,1117869874,2005.06.04,R26-M0-NC-I:J18-U11,2005-06-04-00.24.34.163982,R26-M0-NC-I:J18-U11,RAS,APP,FATAL,ciod: failed to read message prefix on control stream (CioStream socket to 172.16.96.116:33621,E17,ciod: failed to read message prefix on control stream (CioStream socket to <*>
14772,APPREAD,1117869874,2005.06.04,R26-M0-N8-I:J18-U01,2005-06-04-00.24.34.263058,R26-M0-N8-I:J18-U01,RAS,APP,FATAL,ciod: failed to read message prefix on control stream (CioStream socket to 172.16.96.116:33624,E17,ciod: failed to read message prefix on control stream (CioStream socket to <*>
14775,APPREAD,1117869874,2005.06.04,R31-M0-N8-I:J18-U11,2005-06-04-00.24.34.364031,R31-M0-N8-I:J18-U11,RAS,APP,FATAL,ciod: failed to read message prefix on control stream (CioStream socket to 172.16.96.116:33295,E17,ciod: failed to read message prefix on control stream (CioStream socket to <*>
14774,APPREAD,1117869874,2005.06.04,R26-M0-N4-I:J18-U01,2005-06-04-00.24.34.330114,R26-M0-N4-I:J18-U01,RAS,APP,FATAL,ciod: failed to read message prefix on control stream (CioStream socket to 172.16.96.116:33626,E17,ciod: failed to read message prefix on control stream (CioStream socket to <*>
14773,APPREAD,1117869874,2005.06.04,R26-M0-N4-I:J18-U11,2005-06-04-00.24.34.297174,R26-M0-N4-I:J18-U11,RAS,APP,FATAL,ciod: failed to read message prefix on control stream (CioStream socket to 172.16.96.116:33625,E17,ciod: failed to read message prefix on control stream (CioStream socket to <*>
14792,APPREAD,1117869874,2005.06.04,R37-M0-NC-I:J18-U01,2005-06-04-00.24.34.964554,R37-M0-NC-I:J18-U01,RAS,APP,FATAL,ciod: failed to read message prefix on control stream (CioStream socket to 172.16.96.116:33358,E17,ciod: failed to read message prefix on control stream (CioStream socket to <*>
14782,APPREAD,1117869874,2005.06.04,R20-M1-N0-I:J18-U01,2005-06-04-00.24.34.601982,R20-M1-N0-I:J18-U01,RAS,APP,FATAL,ciod: failed to read message prefix on control stream (CioStream socket to 172.16.96.116:33180,E17,ciod: failed to read message prefix on control stream (CioStream socket to <*>
14783,APPREAD,1117869874,2005.06.04,R20-M0-N8-I:J18-U11,2005-06-04-00.24.34.635008,R20-M0-N8-I:J18-U11,RAS,APP,FATAL,ciod: failed to read message prefix on control stream (CioStream socket to 172.16.96.116:33559,E17,ciod: failed to read message prefix on control stream (CioStream socket to <*>
14785,APPREAD,1117869874,2005.06.04,R31-M0-NC-I:J18-U11,2005-06-04-00.24.34.701401,R31-M0-NC-I:J18-U11,RAS,APP,FATAL,ciod: failed to read message prefix on control stream (CioStream socket to 172.16.96.116:33293,E17,ciod: failed to read message prefix on control stream (CioStream socket to <*>
14768,APPREAD,1117869874,2005.06.04,R22-M1-N0-I:J18-U01,2005-06-04-00.24.34.127947,R22-M1-N0-I:J18-U01,RAS,APP,FATAL,ciod: failed to read message prefix on control stream (CioStream socket to 172.16.96.116:33276,E17,ciod: failed to read message prefix on control stream (CioStream socket to <*>
14770,APPREAD,1117869874,2005.06.04,R26-M0-NC-I:J18-U01,2005-06-04-00.24.34.197175,R26-M0-NC-I:J18-U01,RAS,APP,FATAL,ciod: failed to read message prefix on control stream (CioStream socket to 172.16.96.116:33622,E17,ciod: failed to read message prefix on control stream (CioStream socket to <*>
14771,APPREAD,1117869874,2005.06.04,R26-M0-N8-I:J18-U11,2005-06-04-00.24.34.230164,R26-M0-N8-I:J18-U11,RAS,APP,FATAL,ciod: failed to read message prefix on control stream (CioStream socket to 172.16.96.116:33623,E17,ciod: failed to read message prefix on control stream (CioStream socket to <*>
14784,APPREAD,1117869874,2005.06.04,R20-M0-N8-I:J18-U01,2005-06-04-00.24.34.668005,R20-M0-N8-I:J18-U01,RAS,APP,FATAL,ciod: failed to read message prefix on control stream (CioStream socket to 172.16.96.116:33560,E17,ciod: failed to read message prefix on control stream (CioStream socket to <*>
14806,APPREAD,1117869875,2005.06.04,R37-M1-NC-I:J18-U01,2005-06-04-00.24.35.443954,R37-M1-NC-I:J18-U01,RAS,APP,FATAL,ciod: failed to read message prefix on control stream (CioStream socket to 172.16.96.116:33486,E17,ciod: failed to read message prefix on control stream (CioStream socket to <*>
14817,APPREAD,1117869875,2005.06.04,R27-M0-N0-I:J18-U11,2005-06-04-00.24.35.845988,R27-M0-N0-I:J18-U11,RAS,APP,FATAL,ciod: failed to read message prefix on control stream (CioStream socket to 172.16.96.116:33499,E17,ciod: failed to read message prefix on control stream (CioStream socket to <*>
14816,APPREAD,1117869875,2005.06.04,R26-M1-N4-I:J18-U01,2005-06-04-00.24.35.812661,R26-M1-N4-I:J18-U01,RAS,APP,FATAL,ciod: failed to read message prefix on control stream (CioStream socket to 172.16.96.116:33242,E17,ciod: failed to read message prefix on control stream (CioStream socket to <*>
14799,APPREAD,1117869875,2005.06.04,R37-M1-N4-I:J18-U11,2005-06-04-00.24.35.202062,R37-M1-N4-I:J18-U11,RAS,APP,FATAL,ciod: failed to read message prefix on control stream (CioStream socket to 172.16.96.116:33489,E17,ciod: failed to read message prefix on control stream (CioStream socket to <*>
14802,APPREAD,1117869875,2005.06.04,R24-M1-NC-I:J18-U01,2005-06-04-00.24.35.309138,R24-M1-NC-I:J18-U01,RAS,APP,FATAL,ciod: failed to read message prefix on control stream (CioStream socket to 172.16.96.116:33206,E17,ciod: failed to read message prefix on control stream (CioStream socket to <*>
14803,APPREAD,1117869875,2005.06.04,R37-M1-N8-I:J18-U11,2005-06-04-00.24.35.342948,R37-M1-N8-I:J18-U11,RAS,APP,FATAL,ciod: failed to read message prefix on control stream (CioStream socket to 172.16.96.116:33487,E17,ciod: failed to read message prefix on control stream (CioStream socket to <*>
14804,APPREAD,1117869875,2005.06.04,R37-M1-N8-I:J18-U01,2005-06-04-00.24.35.376489,R37-M1-N8-I:J18-U01,RAS,APP,FATAL,ciod: failed to read message prefix on control stream (CioStream socket to 172.16.96.116:33488,E17,ciod: failed to read message prefix on control stream (CioStream socket to <*>
14805,APPREAD,1117869875,2005.06.04,R37-M1-NC-I:J18-U11,2005-06-04-00.24.35.410393,R37-M1-NC-I:J18-U11,RAS,APP,FATAL,ciod: failed to read message prefix on control stream (CioStream socket to 172.16.96.116:33485,E17,ciod: failed to read message prefix on control stream (CioStream socket to <*>
14818,APPREAD,1117869875,2005.06.04,R27-M0-N0-I:J18-U01,2005-06-04-00.24.35.879363,R27-M0-N0-I:J18-U01,RAS,APP,FATAL,ciod: failed to read message prefix on control stream (CioStream socket to 172.16.96.116:33500,E17,ciod: failed to read message prefix on control stream (CioStream socket to <*>
14796,APPREAD,1117869875,2005.06.04,R37-M0-N8-I:J18-U01,2005-06-04-00.24.35.100269,R37-M0-N8-I:J18-U01,RAS,APP,FATAL,ciod: failed to read message prefix on control stream (CioStream socket to 172.16.96.116:33360,E17,ciod: failed to read message prefix on control stream (CioStream socket to <*>
14794,APPREAD,1117869875,2005.06.04,R37-M1-N0-I:J18-U01,2005-06-04-00.24.35.032611,R37-M1-N0-I:J18-U01,RAS,APP,FATAL,ciod: failed to read message prefix on control stream (CioStream socket to 172.16.96.116:33492,E17,ciod: failed to read message prefix on control stream (CioStream socket to <*>
14815,APPREAD,1117869875,2005.06.04,R26-M1-N4-I:J18-U11,2005-06-04-00.24.35.779649,R26-M1-N4-I:J18-U11,RAS,APP,FATAL,ciod: failed to read message prefix on control stream (CioStream socket to 172.16.96.116:33241,E17,ciod: failed to read message prefix on control stream (CioStream socket to <*>
14814,APPREAD,1117869875,2005.06.04,R27-M1-N8-I:J18-U01,2005-06-04-00.24.35.746331,R27-M1-N8-I:J18-U01,RAS,APP,FATAL,ciod: failed to read message prefix on control stream (CioStream socket to 172.16.96.116:33368,E17,ciod: failed to read message prefix on control stream (CioStream socket to <*>
14808,APPREAD,1117869875,2005.06.04,R20-M1-N8-I:J18-U01,2005-06-04-00.24.35.510300,R20-M1-N8-I:J18-U01,RAS,APP,FATAL,ciod: failed to read message prefix on control stream (CioStream socket to 172.16.96.116:33176,E17,ciod: failed to read message prefix on control stream (CioStream socket to <*>
14795,APPREAD,1117869875,2005.06.04,R37-M0-N8-I:J18-U11,2005-06-04-00.24.35.066566,R37-M0-N8-I:J18-U11,RAS,APP,FATAL,ciod: failed to read message prefix on control stream (CioStream socket to 172.16.96.116:33359,E17,ciod: failed to read message prefix on control stream (CioStream socket to <*>
14797,APPREAD,1117869875,2005.06.04,R33-M1-NC-I:J18-U11,2005-06-04-00.24.35.134219,R33-M1-NC-I:J18-U11,RAS,APP,FATAL,ciod: failed to read message prefix on control stream (CioStream socket to 172.16.96.116:33517,E17,ciod: failed to read message prefix on control stream (CioStream socket to <*>
14812,APPREAD,1117869875,2005.06.04,R27-M1-NC-I:J18-U01,2005-06-04-00.24.35.679680,R27-M1-NC-I:J18-U01,RAS,APP,FATAL,ciod: failed to read message prefix on control stream (CioStream socket to 172.16.96.116:33366,E17,ciod: failed to read message prefix on control stream (CioStream socket to <*>
14810,APPREAD,1117869875,2005.06.04,R20-M1-NC-I:J18-U01,2005-06-04-00.24.35.592786,R20-M1-NC-I:J18-U01,RAS,APP,FATAL,ciod: failed to read message prefix on control stream (CioStream socket to 172.16.96.116:33174,E17,ciod: failed to read message prefix on control stream (CioStream socket to <*>
14809,APPREAD,1117869875,2005.06.04,R20-M1-NC-I:J18-U11,2005-06-04-00.24.35.559309,R20-M1-NC-I:J18-U11,RAS,APP,FATAL,ciod: failed to read message prefix on control stream (CioStream socket to 172.16.96.116:33173,E17,ciod: failed to read message prefix on control stream (CioStream socket to <*>
14811,APPREAD,1117869875,2005.06.04,R27-M1-NC-I:J18-U11,2005-06-04-00.24.35.626600,R27-M1-NC-I:J18-U11,RAS,APP,FATAL,ciod: failed to read message prefix on control stream (CioStream socket to 172.16.96.116:33365,E17,ciod: failed to read message prefix on control stream (CioStream socket to <*>
14813,APPREAD,1117869875,2005.06.04,R27-M1-N8-I:J18-U11,2005-06-04-00.24.35.712977,R27-M1-N8-I:J18-U11,RAS,APP,FATAL,ciod: failed to read message prefix on control stream (CioStream socket to 172.16.96.116:33367,E17,ciod: failed to read message prefix on control stream (CioStream socket to <*>
14801,APPREAD,1117869875,2005.06.04,R24-M1-NC-I:J18-U11,2005-06-04-00.24.35.275196,R24-M1-NC-I:J18-U11,RAS,APP,FATAL,ciod: failed to read message prefix on control stream (CioStream socket to 172.16.96.116:33205,E17,ciod: failed to read message prefix on control stream (CioStream socket to <*>
14800,APPREAD,1117869875,2005.06.04,R37-M1-N4-I:J18-U01,2005-06-04-00.24.35.241928,R37-M1-N4-I:J18-U01,RAS,APP,FATAL,ciod: failed to read message prefix on control stream (CioStream socket to 172.16.96.116:33490,E17,ciod: failed to read message prefix on control stream (CioStream socket to <*>
14819,APPREAD,1117869875,2005.06.04,R33-M1-N8-I:J18-U11,2005-06-04-00.24.35.913388,R33-M1-N8-I:J18-U11,RAS,APP,FATAL,ciod: failed to read message prefix on control stream (CioStream socket to 172.16.96.116:33519,E17,ciod: failed to read message prefix on control stream (CioStream socket to <*>
14821,APPREAD,1117869875,2005.06.04,R25-M0-N0-I:J18-U11,2005-06-04-00.24.35.980115,R25-M0-N0-I:J18-U11,RAS,APP,FATAL,ciod: failed to read message prefix on control stream (CioStream socket to 172.16.96.116:33467,E17,ciod: failed to read message prefix on control stream (CioStream socket to <*>
14820,APPREAD,1117869875,2005.06.04,R33-M1-N8-I:J18-U01,2005-06-04-00.24.35.947089,R33-M1-N8-I:J18-U01,RAS,APP,FATAL,ciod: failed to read message prefix on control stream (CioStream socket to 172.16.96.116:33520,E17,ciod: failed to read message prefix on control stream (CioStream socket to <*>
14807,APPREAD,1117869875,2005.06.04,R20-M1-N8-I:J18-U11,2005-06-04-00.24.35.476951,R20-M1-N8-I:J18-U11,RAS,APP,FATAL,ciod: failed to read message prefix on control stream (CioStream socket to 172.16.96.116:33175,E17,ciod: failed to read message prefix on control stream (CioStream socket to <*>
14798,APPREAD,1117869875,2005.06.04,R33-M1-NC-I:J18-U01,2005-06-04-00.24.35.168475,R33-M1-NC-I:J18-U01,RAS,APP,FATAL,ciod: failed to read message prefix on control stream (CioStream socket to 172.16.96.116:33518,E17,ciod: failed to read message prefix on control stream (CioStream socket to <*>
14837,APPREAD,1117869876,2005.06.04,R27-M0-NC-I:J18-U11,2005-06-04-00.24.36.529376,R27-M0-NC-I:J18-U11,RAS,APP,FATAL,ciod: failed to read message prefix on control stream (CioStream socket to 172.16.96.116:33493,E17,ciod: failed to read message prefix on control stream (CioStream socket to <*>
14838,APPREAD,1117869876,2005.06.04,R27-M0-NC-I:J18-U01,2005-06-04-00.24.36.562821,R27-M0-NC-I:J18-U01,RAS,APP,FATAL,ciod: failed to read message prefix on control stream (CioStream socket to 172.16.96.116:33494,E17,ciod: failed to read message prefix on control stream (CioStream socket to <*>
14836,APPREAD,1117869876,2005.06.04,R20-M0-NC-I:J18-U01,2005-06-04-00.24.36.495893,R20-M0-NC-I:J18-U01,RAS,APP,FATAL,ciod: failed to read message prefix on control stream (CioStream socket to 172.16.96.116:33558,E17,ciod: failed to read message prefix on control stream (CioStream socket to <*>
14835,APPREAD,1117869876,2005.06.04,R20-M0-NC-I:J18-U11,2005-06-04-00.24.36.455907,R20-M0-NC-I:J18-U11,RAS,APP,FATAL,ciod: failed to read message prefix on control stream (CioStream socket to 172.16.96.116:33557,E17,ciod: failed to read message prefix on control stream (CioStream socket to <*>
14823,APPREAD,1117869876,2005.06.04,R22-M0-N8-I:J18-U11,2005-06-04-00.24.36.047063,R22-M0-N8-I:J18-U11,RAS,APP,FATAL,ciod: failed to read message prefix on control stream (CioStream socket to 172.16.96.116:33655,E17,ciod: failed to read message prefix on control stream (CioStream socket to <*>
14822,APPREAD,1117869876,2005.06.04,R25-M0-N0-I:J18-U01,2005-06-04-00.24.36.013690,R25-M0-N0-I:J18-U01,RAS,APP,FATAL,ciod: failed to read message prefix on control stream (CioStream socket to 172.16.96.116:33468,E17,ciod: failed to read message prefix on control stream (CioStream socket to <*>
14843,APPREAD,1117869876,2005.06.04,R20-M0-N0-I:J18-U11,2005-06-04-00.24.36.730685,R20-M0-N0-I:J18-U11,RAS,APP,FATAL,ciod: failed to read message prefix on control stream (CioStream socket to 172.16.96.116:33563,E17,ciod: failed to read message prefix on control stream (CioStream socket to <*>
14841,APPREAD,1117869876,2005.06.04,R27-M0-N8-I:J18-U11,2005-06-04-00.24.36.663746,R27-M0-N8-I:J18-U11,RAS,APP,FATAL,ciod: failed to read message prefix on control stream (CioStream socket to 172.16.96.116:33495,E17,ciod: failed to read message prefix on control stream (CioStream socket to <*>
14839,APPREAD,1117869876,2005.06.04,R26-M1-N8-I:J18-U11,2005-06-04-00.24.36.596208,R26-M1-N8-I:J18-U11,RAS,APP,FATAL,ciod: failed to read message prefix on control stream (CioStream socket to 172.16.96.116:33239,E17,ciod: failed to read message prefix on control stream (CioStream socket to <*>
14834,APPREAD,1117869876,2005.06.04,R24-M0-N0-I:J18-U01,2005-06-04-00.24.36.422752,R24-M0-N0-I:J18-U01,RAS,APP,FATAL,ciod: failed to read message prefix on control stream (CioStream socket to 172.16.96.116:33596,E17,ciod: failed to read message prefix on control stream (CioStream socket to <*>
14832,APPREAD,1117869876,2005.06.04,R24-M0-N4-I:J18-U01,2005-06-04-00.24.36.355645,R24-M0-N4-I:J18-U01,RAS,APP,FATAL,ciod: failed to read message prefix on control stream (CioStream socket to 172.16.96.116:33594,E17,ciod: failed to read message prefix on control stream (CioStream socket to <*>
14833,APPREAD,1117869876,2005.06.04,R24-M0-N0-I:J18-U11,2005-06-04-00.24.36.389342,R24-M0-N0-I:J18-U11,RAS,APP,FATAL,ciod: failed to read message prefix on control stream (CioStream socket to 172.16.96.116:33595,E17,ciod: failed to read message prefix on control stream (CioStream socket to <*>
14830,APPREAD,1117869876,2005.06.04,R24-M0-N8-I:J18-U01,2005-06-04-00.24.36.289352,R24-M0-N8-I:J18-U01,RAS,APP,FATAL,ciod: failed to read message prefix on control stream (CioStream socket to 172.16.96.116:33592,E17,ciod: failed to read message prefix on control stream (CioStream socket to <*>
14824,APPREAD,1117869876,2005.06.04,R22-M0-N8-I:J18-U01,2005-06-04-00.24.36.089073,R22-M0-N8-I:J18-U01,RAS,APP,FATAL,ciod: failed to read message prefix on control stream (CioStream socket to 172.16.96.116:33656,E17,ciod: failed to read message prefix on control stream (CioStream socket to <*>
14831,APPREAD,1117869876,2005.06.04,R24-M0-N4-I:J18-U11,2005-06-04-00.24.36.322474,R24-M0-N4-I:J18-U11,RAS,APP,FATAL,ciod: failed to read message prefix on control stream (CioStream socket to 172.16.96.116:33593,E17,ciod: failed to read message prefix on control stream (CioStream socket to <*>
14849,APPREAD,1117869876,2005.06.04,R27-M0-N4-I:J18-U11,2005-06-04-00.24.36.948365,R27-M0-N4-I:J18-U11,RAS,APP,FATAL,ciod: failed to read message prefix on control stream (CioStream socket to 172.16.96.116:33497,E17,ciod: failed to read message prefix on control stream (CioStream socket to <*>
14848,APPREAD,1117869876,2005.06.04,R27-M1-N0-I:J18-U01,2005-06-04-00.24.36.914822,R27-M1-N0-I:J18-U01,RAS,APP,FATAL,ciod: failed to read message prefix on control stream (CioStream socket to 172.16.96.116:33372,E17,ciod: failed to read message prefix on control stream (CioStream socket to <*>
14850,APPREAD,1117869876,2005.06.04,R27-M0-N4-I:J18-U01,2005-06-04-00.24.36.981622,R27-M0-N4-I:J18-U01,RAS,APP,FATAL,ciod: failed to read message prefix on control stream (CioStream socket to 172.16.96.116:33498,E17,ciod: failed to read message prefix on control stream (CioStream socket to <*>
14847,APPREAD,1117869876,2005.06.04,R27-M1-N0-I:J18-U11,2005-06-04-00.24.36.875995,R27-M1-N0-I:J18-U11,RAS,APP,FATAL,ciod: failed to read message prefix on control stream (CioStream socket to 172.16.96.116:33371,E17,ciod: failed to read message prefix on control stream (CioStream socket to <*>
14840,APPREAD,1117869876,2005.06.04,R26-M1-N8-I:J18-U01,2005-06-04-00.24.36.629720,R26-M1-N8-I:J18-U01,RAS,APP,FATAL,ciod: failed to read message prefix on control stream (CioStream socket to 172.16.96.116:33240,E17,ciod: failed to read message prefix on control stream (CioStream socket to <*>
14846,APPREAD,1117869876,2005.06.04,R20-M0-N4-I:J18-U01,2005-06-04-00.24.36.830088,R20-M0-N4-I:J18-U01,RAS,APP,FATAL,ciod: failed to read message prefix on control stream (CioStream socket to 172.16.96.116:33562,E17,ciod: failed to read message prefix on control stream (CioStream socket to <*>
14845,APPREAD,1117869876,2005.06.04,R20-M0-N4-I:J18-U11,2005-06-04-00.24.36.797021,R20-M0-N4-I:J18-U11,RAS,APP,FATAL,ciod: failed to read message prefix on control stream (CioStream socket to 172.16.96.116:33561,E17,ciod: failed to read message prefix on control stream (CioStream socket to <*>
14825,APPREAD,1117869876,2005.06.04,R21-M1-N4-I:J18-U11,2005-06-04-00.24.36.122257,R21-M1-N4-I:J18-U11,RAS,APP,FATAL,ciod: failed to read message prefix on control stream (CioStream socket to 172.16.96.116:33305,E17,ciod: failed to read message prefix on control stream (CioStream socket to <*>
14827,APPREAD,1117869876,2005.06.04,R27-M1-N4-I:J18-U11,2005-06-04-00.24.36.189145,R27-M1-N4-I:J18-U11,RAS,APP,FATAL,ciod: failed to read message prefix on control stream (CioStream socket to 172.16.96.116:33369,E17,ciod: failed to read message prefix on control stream (CioStream socket to <*>
14842,APPREAD,1117869876,2005.06.04,R27-M0-N8-I:J18-U01,2005-06-04-00.24.36.697386,R27-M0-N8-I:J18-U01,RAS,APP,FATAL,ciod: failed to read message prefix on control stream (CioStream socket to 172.16.96.116:33496,E17,ciod: failed to read message prefix on control stream (CioStream socket to <*>
14844,APPREAD,1117869876,2005.06.04,R20-M0-N0-I:J18-U01,2005-06-04-00.24.36.763844,R20-M0-N0-I:J18-U01,RAS,APP,FATAL,ciod: failed to read message prefix on control stream (CioStream socket to 172.16.96.116:33564,E17,ciod: failed to read message prefix on control stream (CioStream socket to <*>
14829,APPREAD,1117869876,2005.06.04,R24-M0-N8-I:J18-U11,2005-06-04-00.24.36.256011,R24-M0-N8-I:J18-U11,RAS,APP,FATAL,ciod: failed to read message prefix on control stream (CioStream socket to 172.16.96.116:33591,E17,ciod: failed to read message prefix on control stream (CioStream socket to <*>
14826,APPREAD,1117869876,2005.06.04,R21-M1-N4-I:J18-U01,2005-06-04-00.24.36.155684,R21-M1-N4-I:J18-U01,RAS,APP,FATAL,ciod: failed to read message prefix on control stream (CioStream socket to 172.16.96.116:33306,E17,ciod: failed to read message prefix on control stream (CioStream socket to <*>
14828,APPREAD,1117869876,2005.06.04,R27-M1-N4-I:J18-U01,2005-06-04-00.24.36.222560,R27-M1-N4-I:J18-U01,RAS,APP,FATAL,ciod: failed to read message prefix on control stream (CioStream socket to 172.16.96.116:33370,E17,ciod: failed to read message prefix on control stream (CioStream socket to <*>
14860,APPREAD,1117869877,2005.06.04,R35-M1-N4-I:J18-U01,2005-06-04-00.24.37.322529,R35-M1-N4-I:J18-U01,RAS,APP,FATAL,ciod: failed to read message prefix on control stream (CioStream socket to 172.16.96.116:33458,E17,ciod: failed to read message prefix on control stream (CioStream socket to <*>
14877,APPREAD,1117869877,2005.06.04,R33-M0-N4-I:J18-U11,2005-06-04-00.24.37.928478,R33-M0-N4-I:J18-U11,RAS,APP,FATAL,ciod: failed to read message prefix on control stream (CioStream socket to 172.16.96.116:33393,E17,ciod: failed to read message prefix on control stream (CioStream socket to <*>
14870,APPREAD,1117869877,2005.06.04,R36-M1-N0-I:J18-U01,2005-06-04-00.24.37.661410,R36-M1-N0-I:J18-U01,RAS,APP,FATAL,ciod: failed to read message prefix on control stream (CioStream socket to 172.16.96.116:33620,E17,ciod: failed to read message prefix on control stream (CioStream socket to <*>
14869,APPREAD,1117869877,2005.06.04,R36-M1-N0-I:J18-U11,2005-06-04-00.24.37.627419,R36-M1-N0-I:J18-U11,RAS,APP,FATAL,ciod: failed to read message prefix on control stream (CioStream socket to 172.16.96.116:33619,E17,ciod: failed to read message prefix on control stream (CioStream socket to <*>
14868,APPREAD,1117869877,2005.06.04,R21-M1-N0-I:J18-U01,2005-06-04-00.24.37.593776,R21-M1-N0-I:J18-U01,RAS,APP,FATAL,ciod: failed to read message prefix on control stream (CioStream socket to 172.16.96.116:33308,E17,ciod: failed to read message prefix on control stream (CioStream socket to <*>
14867,APPREAD,1117869877,2005.06.04,R21-M1-N0-I:J18-U11,2005-06-04-00.24.37.560385,R21-M1-N0-I:J18-U11,RAS,APP,FATAL,ciod: failed to read message prefix on control stream (CioStream socket to 172.16.96.116:33307,E17,ciod: failed to read message prefix on control stream (CioStream socket to <*>
14871,APPREAD,1117869877,2005.06.04,R36-M1-N4-I:J18-U11,2005-06-04-00.24.37.695419,R36-M1-N4-I:J18-U11,RAS,APP,FATAL,ciod: failed to read message prefix on control stream (CioStream socket to 172.16.96.116:33617,E17,ciod: failed to read message prefix on control stream (CioStream socket to <*>
14852,APPREAD,1117869877,2005.06.04,R26-M1-N0-I:J18-U01,2005-06-04-00.24.37.048749,R26-M1-N0-I:J18-U01,RAS,APP,FATAL,ciod: failed to read message prefix on control stream (CioStream socket to 172.16.96.116:33244,E17,ciod: failed to read message prefix on control stream (CioStream socket to <*>
14853,APPREAD,1117869877,2005.06.04,R22-M0-N0-I:J18-U11,2005-06-04-00.24.37.082140,R22-M0-N0-I:J18-U11,RAS,APP,FATAL,ciod: failed to read message prefix on control stream (CioStream socket to 172.16.96.116:33659,E17,ciod: failed to read message prefix on control stream (CioStream socket to <*>
14854,APPREAD,1117869877,2005.06.04,R22-M0-N0-I:J18-U01,2005-06-04-00.24.37.115218,R22-M0-N0-I:J18-U01,RAS,APP,FATAL,ciod: failed to read message prefix on control stream (CioStream socket to 172.16.96.116:33660,E17,ciod: failed to read message prefix on control stream (CioStream socket to <*>
14851,APPREAD,1117869877,2005.06.04,R26-M1-N0-I:J18-U11,2005-06-04-00.24.37.015058,R26-M1-N0-I:J18-U11,RAS,APP,FATAL,ciod: failed to read message prefix on control stream (CioStream socket to 172.16.96.116:33243,E17,ciod: failed to read message prefix on control stream (CioStream socket to <*>
14855,APPREAD,1117869877,2005.06.04,R22-M0-N4-I:J18-U11,2005-06-04-00.24.37.148434,R22-M0-N4-I:J18-U11,RAS,APP,FATAL,ciod: failed to read message prefix on control stream (CioStream socket to 172.16.96.116:33657,E17,ciod: failed to read message prefix on control stream (CioStream socket to <*>
14866,APPREAD,1117869877,2005.06.04,R33-M1-N4-I:J18-U01,2005-06-04-00.24.37.526678,R33-M1-N4-I:J18-U01,RAS,APP,FATAL,ciod: failed to read message prefix on control stream (CioStream socket to 172.16.96.116:33522,E17,ciod: failed to read message prefix on control stream (CioStream socket to <*>
14864,APPREAD,1117869877,2005.06.04,R24-M1-N8-I:J18-U01,2005-06-04-00.24.37.457045,R24-M1-N8-I:J18-U01,RAS,APP,FATAL,ciod: failed to read message prefix on control stream (CioStream socket to 172.16.96.116:33208,E17,ciod: failed to read message prefix on control stream (CioStream socket to <*>
14865,APPREAD,1117869877,2005.06.04,R33-M1-N4-I:J18-U11,2005-06-04-00.24.37.490490,R33-M1-N4-I:J18-U11,RAS,APP,FATAL,ciod: failed to read message prefix on control stream (CioStream socket to 172.16.96.116:33521,E17,ciod: failed to read message prefix on control stream (CioStream socket to <*>
14862,APPREAD,1117869877,2005.06.04,R24-M1-N4-I:J18-U01,2005-06-04-00.24.37.390154,R24-M1-N4-I:J18-U01,RAS,APP,FATAL,ciod: failed to read message prefix on control stream (CioStream socket to 172.16.96.116:33210,E17,ciod: failed to read message prefix on control stream (CioStream socket to <*>
14856,APPREAD,1117869877,2005.06.04,R22-M0-N4-I:J18-U01,2005-06-04-00.24.37.182050,R22-M0-N4-I:J18-U01,RAS,APP,FATAL,ciod: failed to read message prefix on control stream (CioStream socket to 172.16.96.116:33658,E17,ciod: failed to read message prefix on control stream (CioStream socket to <*>
14863,APPREAD,1117869877,2005.06.04,R24-M1-N8-I:J18-U11,2005-06-04-00.24.37.423556,R24-M1-N8-I:J18-U11,RAS,APP,FATAL,ciod: failed to read message prefix on control stream (CioStream socket to 172.16.96.116:33207,E17,ciod: failed to read message prefix on control stream (CioStream socket to <*>
14872,APPREAD,1117869877,2005.06.04,R36-M1-N4-I:J18-U01,2005-06-04-00.24.37.735501,R36-M1-N4-I:J18-U01,RAS,APP,FATAL,ciod: failed to read message prefix on control stream (CioStream socket to 172.16.96.116:33618,E17,ciod: failed to read message prefix on control stream (CioStream socket to <*>
14878,APPREAD,1117869877,2005.06.04,R33-M0-N4-I:J18-U01,2005-06-04-00.24.37.963397,R33-M0-N4-I:J18-U01,RAS,APP,FATAL,ciod: failed to read message prefix on control stream (CioStream socket to 172.16.96.116:33394,E17,ciod: failed to read message prefix on control stream (CioStream socket to <*>
14879,APPREAD,1117869877,2005.06.04,R34-M0-N4-I:J18-U11,2005-06-04-00.24.37.997829,R34-M0-N4-I:J18-U11,RAS,APP,FATAL,ciod: failed to read message prefix on control stream (CioStream socket to 172.16.96.116:33201,E17,ciod: failed to read message prefix on control stream (CioStream socket to <*>
14874,APPREAD,1117869877,2005.06.04,R31-M1-N8-I:J18-U01,2005-06-04-00.24.37.814487,R31-M1-N8-I:J18-U01,RAS,APP,FATAL,ciod: failed to read message prefix on control stream (CioStream socket to 172.16.96.116:33424,E17,ciod: failed to read message prefix on control stream (CioStream socket to <*>
14876,APPREAD,1117869877,2005.06.04,R31-M1-N4-I:J18-U01,2005-06-04-00.24.37.893974,R31-M1-N4-I:J18-U01,RAS,APP,FATAL,ciod: failed to read message prefix on control stream (CioStream socket to 172.16.96.116:33426,E17,ciod: failed to read message prefix on control stream (CioStream socket to <*>
14861,APPREAD,1117869877,2005.06.04,R24-M1-N4-I:J18-U11,2005-06-04-00.24.37.356492,R24-M1-N4-I:J18-U11,RAS,APP,FATAL,ciod: failed to read message prefix on control stream (CioStream socket to 172.16.96.116:33209,E17,ciod: failed to read message prefix on control stream (CioStream socket to <*>
14859,APPREAD,1117869877,2005.06.04,R35-M1-N4-I:J18-U11,2005-06-04-00.24.37.282616,R35-M1-N4-I:J18-U11,RAS,APP,FATAL,ciod: failed to read message prefix on control stream (CioStream socket to 172.16.96.116:33457,E17,ciod: failed to read message prefix on control stream (CioStream socket to <*>
14875,APPREAD,1117869877,2005.06.04,R31-M1-N4-I:J18-U11,2005-06-04-00.24.37.848955,R31-M1-N4-I:J18-U11,RAS,APP,FATAL,ciod: failed to read message prefix on control stream (CioStream socket to 172.16.96.116:33425,E17,ciod: failed to read message prefix on control stream (CioStream socket to <*>
14858,APPREAD,1117869877,2005.06.04,R24-M1-N0-I:J18-U01,2005-06-04-00.24.37.248443,R24-M1-N0-I:J18-U01,RAS,APP,FATAL,ciod: failed to read message prefix on control stream (CioStream socket to 172.16.96.116:33212,E17,ciod: failed to read message prefix on control stream (CioStream socket to <*>
14857,APPREAD,1117869877,2005.06.04,R24-M1-N0-I:J18-U11,2005-06-04-00.24.37.215252,R24-M1-N0-I:J18-U11,RAS,APP,FATAL,ciod: failed to read message prefix on control stream (CioStream socket to 172.16.96.116:33211,E17,ciod: failed to read message prefix on control stream (CioStream socket to <*>
14873,APPREAD,1117869877,2005.06.04,R31-M1-N8-I:J18-U11,2005-06-04-00.24.37.780012,R31-M1-N8-I:J18-U11,RAS,APP,FATAL,ciod: failed to read message prefix on control stream (CioStream socket to 172.16.96.116:33423,E17,ciod: failed to read message prefix on control stream (CioStream socket to <*>
14902,APPREAD,1117869878,2005.06.04,R25-M0-NC-I:J18-U01,2005-06-04-00.24.38.802875,R25-M0-NC-I:J18-U01,RAS,APP,FATAL,ciod: failed to read message prefix on control stream (CioStream socket to 172.16.96.116:33462,E17,ciod: failed to read message prefix on control stream (CioStream socket to <*>
14899,APPREAD,1117869878,2005.06.04,R30-M1-N8-I:J18-U11,2005-06-04-00.24.38.699888,R30-M1-N8-I:J18-U11,RAS,APP,FATAL,ciod: failed to read message prefix on control stream (CioStream socket to 172.16.96.116:33551,E17,ciod: failed to read message prefix on control stream (CioStream socket to <*>
14880,APPREAD,1117869878,2005.06.04,R34-M0-N4-I:J18-U01,2005-06-04-00.24.38.032636,R34-M0-N4-I:J18-U01,RAS,APP,FATAL,ciod: failed to read message prefix on control stream (CioStream socket to 172.16.96.116:33202,E17,ciod: failed to read message prefix on control stream (CioStream socket to <*>
14881,APPREAD,1117869878,2005.06.04,R34-M0-N0-I:J18-U11,2005-06-04-00.24.38.066967,R34-M0-N0-I:J18-U11,RAS,APP,FATAL,ciod: failed to read message prefix on control stream (CioStream socket to 172.16.96.116:33203,E17,ciod: failed to read message prefix on control stream (CioStream socket to <*>
14883,APPREAD,1117869878,2005.06.04,R34-M0-N8-I:J18-U11,2005-06-04-00.24.38.136462,R34-M0-N8-I:J18-U11,RAS,APP,FATAL,ciod: failed to read message prefix on control stream (CioStream socket to 172.16.96.116:33199,E17,ciod: failed to read message prefix on control stream (CioStream socket to <*>
14905,APPREAD,1117869878,2005.06.04,R34-M1-NC-I:J18-U11,2005-06-04-00.24.38.904827,R34-M1-NC-I:J18-U11,RAS,APP,FATAL,ciod: failed to read message prefix on control stream (CioStream socket to 172.16.96.116:33581,E17,ciod: failed to read message prefix on control stream (CioStream socket to <*>
14904,APPREAD,1117869878,2005.06.04,R25-M1-N4-I:J18-U01,2005-06-04-00.24.38.870870,R25-M1-N4-I:J18-U01,RAS,APP,FATAL,ciod: failed to read message prefix on control stream (CioStream socket to 172.16.96.116:33338,E17,ciod: failed to read message prefix on control stream (CioStream socket to <*>
14890,APPREAD,1117869878,2005.06.04,R30-M1-NC-I:J18-U01,2005-06-04-00.24.38.386865,R30-M1-NC-I:J18-U01,RAS,APP,FATAL,ciod: failed to read message prefix on control stream (CioStream socket to 172.16.96.116:33550,E17,ciod: failed to read message prefix on control stream (CioStream socket to <*>
14891,APPREAD,1117869878,2005.06.04,R22-M0-NC-I:J18-U11,2005-06-04-00.24.38.421304,R22-M0-NC-I:J18-U11,RAS,APP,FATAL,ciod: failed to read message prefix on control stream (CioStream socket to 172.16.96.116:33653,E17,ciod: failed to read message prefix on control stream (CioStream socket to <*>
14907,APPREAD,1117869878,2005.06.04,R34-M1-N0-I:J18-U11,2005-06-04-00.24.38.973057,R34-M1-N0-I:J18-U11,RAS,APP,FATAL,ciod: failed to read message prefix on control stream (CioStream socket to 172.16.96.116:33587,E17,ciod: failed to read message prefix on control stream (CioStream socket to <*>
14888,APPREAD,1117869878,2005.06.04,R34-M1-N8-I:J18-U01,2005-06-04-00.24.38.318369,R34-M1-N8-I:J18-U01,RAS,APP,FATAL,ciod: failed to read message prefix on control stream (CioStream socket to 172.16.96.116:33584,E17,ciod: failed to read message prefix on control stream (CioStream socket to <*>
14906,APPREAD,1117869878,2005.06.04,R34-M1-NC-I:J18-U01,2005-06-04-00.24.38.938846,R34-M1-NC-I:J18-U01,RAS,APP,FATAL,ciod: failed to read message prefix on control stream (CioStream socket to 172.16.96.116:33582,E17,ciod: failed to read message prefix on control stream (CioStream socket to <*>
14889,APPREAD,1117869878,2005.06.04,R30-M1-NC-I:J18-U11,2005-06-04-00.24.38.352372,R30-M1-NC-I:J18-U11,RAS,APP,FATAL,ciod: failed to read message prefix on control stream (CioStream socket to 172.16.96.116:33549,E17,ciod: failed to read message prefix on control stream (CioStream socket to <*>
14892,APPREAD,1117869878,2005.06.04,R22-M0-NC-I:J18-U01,2005-06-04-00.24.38.455298,R22-M0-NC-I:J18-U01,RAS,APP,FATAL,ciod: failed to read message prefix on control stream (CioStream socket to 172.16.96.116:33654,E17,ciod: failed to read message prefix on control stream (CioStream socket to <*>
14897,APPREAD,1117869878,2005.06.04,R34-M1-N4-I:J18-U11,2005-06-04-00.24.38.631611,R34-M1-N4-I:J18-U11,RAS,APP,FATAL,ciod: failed to read message prefix on control stream (CioStream socket to 172.16.96.116:33585,E17,ciod: failed to read message prefix on control stream (CioStream socket to <*>
14898,APPREAD,1117869878,2005.06.04,R34-M1-N4-I:J18-U01,2005-06-04-00.24.38.665884,R34-M1-N4-I:J18-U01,RAS,APP,FATAL,ciod: failed to read message prefix on control stream (CioStream socket to 172.16.96.116:33586,E17,ciod: failed to read message prefix on control stream (CioStream socket to <*>
14896,APPREAD,1117869878,2005.06.04,R25-M0-N8-I:J18-U01,2005-06-04-00.24.38.596884,R25-M0-N8-I:J18-U01,RAS,APP,FATAL,ciod: failed to read message prefix on control stream (CioStream socket to 172.16.96.116:33464,E17,ciod: failed to read message prefix on control stream (CioStream socket to <*>
14894,APPREAD,1117869878,2005.06.04,R23-M1-NC-I:J18-U01,2005-06-04-00.24.38.523363,R23-M1-NC-I:J18-U01,RAS,APP,FATAL,ciod: failed to read message prefix on control stream (CioStream socket to 172.16.96.116:33398,E17,ciod: failed to read message prefix on control stream (CioStream socket to <*>
14893,APPREAD,1117869878,2005.06.04,R23-M1-NC-I:J18-U11,2005-06-04-00.24.38.489373,R23-M1-NC-I:J18-U11,RAS,APP,FATAL,ciod: failed to read message prefix on control stream (CioStream socket to 172.16.96.116:33397,E17,ciod: failed to read message prefix on control stream (CioStream socket to <*>
14895,APPREAD,1117869878,2005.06.04,R25-M0-N8-I:J18-U11,2005-06-04-00.24.38.557922,R25-M0-N8-I:J18-U11,RAS,APP,FATAL,ciod: failed to read message prefix on control stream (CioStream socket to 172.16.96.116:33463,E17,ciod: failed to read message prefix on control stream (CioStream socket to <*>
14882,APPREAD,1117869878,2005.06.04,R34-M0-N0-I:J18-U01,2005-06-04-00.24.38.101462,R34-M0-N0-I:J18-U01,RAS,APP,FATAL,ciod: failed to read message prefix on control stream (CioStream socket to 172.16.96.116:33204,E17,ciod: failed to read message prefix on control stream (CioStream socket to <*>
